chunk_id,section_idx,section_header,section_name,subsection_name,topic_positive_negative,subject,procedure,claim_sentence,cross_ref,start_line,end_line,page,preview,chunk_text
1,47,제39조(예금보험에 의한 지급보장),제39조,,"긍정:보장,지급,보상; 부정:제외",,지급,제39조(예금보험에 의한 지급보장) // 수술비용 확대보장 특별약관 // 피부병 보장 특별약관,제39조,51,74,3,제39조(예금보험에 의한 지급보장) 특별약관 수술비용 확대보장 특별약관 피부병 보장 특별약관 슬관절 수술비용,"제39조(예금보험에 의한 지급보장)
특별약관
수술비용 확대보장 특별약관
피부병 보장 특별약관
슬관절 수술비용보장 특별약관
배상책임보장 특별약관
반려동물 사망위로금 특별약관
치료비보상 제외 특별약관
보험료분납 특별약관
보험료 자동이체 특별약관
초회보험료자동이체 특별약관
단체계약 특별약관
보험료정산 추가특별약관
포괄계약 추가특별약관
상품다수구매자단체계약 특별약관
상품다수구매자단체계약 보험료정산 추가특별약관
장애인전용보험전환 특별약관
펫샵 전용 대기기간 보장 특별약관
펫샵 전용 전염병 보장 특별약관

[Page 3]
반려견보험 애니펫
보통약관

[Page 4]"
2,57,가. 상해: 보험기간 중에 발생한 급격하고도 우연한 외래의 사고로 반려동물에 입은 상해를 말,,,,,," 상해: 보험기간 중에 발생한 급격하고도 우연한 외래의 사고로 반려동물에 입은 상해를 말 // 하며, 유독 가스 또는 유독 물질을 반려동물이 우연히 일시적으로 흡입, 흡수 또는 섭취한 // 결과로 생긴 중독 증상을 포함합니다",,94,100,,"가. 상해: 보험기간 중에 발생한 급격하고도 우연한 외래의 사고로 반려동물에 입은 상해를 말 하며, 유독 가","가. 상해: 보험기간 중에 발생한 급격하고도 우연한 외래의 사고로 반려동물에 입은 상해를 말
하며, 유독 가스 또는 유독 물질을 반려동물이 우연히 일시적으로 흡입, 흡수 또는 섭취한
결과로 생긴 중독 증상을 포함합니다. 그러나 음식물 섭취로 인한 증상, 세균성 음식물 중
독과 상습적으로 흡입, 흡수 또는 섭취한 결과로 생긴 중독 증상은 포함되지 않습니다.
【음식물】 반려동물이 일상 생활 중 보호자 또는 생산자의 의도와 상관 없이 섭취할 수 있는 모
든 식이 원료와 가공품 및 부산물(뼈, 과일 씨 등 폐기 대상 물질)을 말하며, 사람 및 다른 동물의
식이로 활용될 수 있는 모든 것을 포함합니다. 또한 음식물의 상태(부패, 감염 여부 등)와 상관없이
모두 포함됩니다."
3,65,가. 연단위 복리: 회사가 지급할 금전에 이자를 줄 때 1년마다 마지막 날에 그 이자를 원금에,,,긍정:지급,회사,지급, 연단위 복리: 회사가 지급할 금전에 이자를 줄 때 1년마다 마지막 날에 그 이자를 원금에,,118,128,,가. 연단위 복리: 회사가 지급할 금전에 이자를 줄 때 1년마다 마지막 날에 그 이자를 원금에 더한 금액을 ,"가. 연단위 복리: 회사가 지급할 금전에 이자를 줄 때 1년마다 마지막 날에 그 이자를 원금에
더한 금액을 다음 1년의 원금으로 하는 이자 계산방법을 말합니다.
【복리】 이자는 계산법에 따라 단리와 복리로 나눕니다. 단리는 원금에 대해서만 이자를 계산하는
방법이고, 복리는 원금에 대한 이자를 원금에 가산한 후 이 합계액을 새로운 원금으로 계산하는 방
법입니다.
(예시) 원금 : 100원, 이자율 : 연 10%
1년 후
단리계산법 : 원금 + (원금×10%) = 110원
복리계산법 : 원금 + (원금×10%) = 110원
2년 후
단리계산법 : 원금 + (원금×10%) + (원금×10%) = 120원
복리계산법 : 원금 + (원금×10%) + [원금 + (원금×10%)] ×10% = 121원"
4,73,제4조(보상하는 손해),제4조,,긍정:보상,"피보험자,회사",,제4조(보상하는 손해) // ① 회사는 보험기간 중에 보험증권에 기재된 반려동물에게 상해 또는 질병(이하 “사고”라 합니다)이 // 발생하여 그 치료를 직접적인 목적으로 국내에서 수의사에게 치료를 받은 때에는 피보험자가 부담,"제1항,제4조",144,148,,제4조(보상하는 손해) ① 회사는 보험기간 중에 보험증권에 기재된 반려동물에게 상해 또는 질병(이하 “사고”,"제4조(보상하는 손해)
① 회사는 보험기간 중에 보험증권에 기재된 반려동물에게 상해 또는 질병(이하 “사고”라 합니다)이
발생하여 그 치료를 직접적인 목적으로 국내에서 수의사에게 치료를 받은 때에는 피보험자가 부담
한 반려동물의 치료비를 이 약관에 따라 피보험자에게 치료비보험금으로 보상하여 드립니다.
② 반려동물이 제1항의 사고로 치료를 받던 중에 보험기간이 만료된 경우에도 만료일부터 90일 이내의
치료비는 보상하여 드립니다. 다만, 사고일 또는 발병일부터 180일이내의 치료인 경우에 한합니다."
5,107,다. 하기와 같은 선천성 결손,,,,,," 하기와 같은 선천성 결손 // 선천성 난청, Achalasia(식도·직장 등의 이완 불능증), 구개열, 동맥관 개존증 // 【배꼽허니아】 복부 내장의 탈장 등으로 인해 배꼽 주변이 부풀어 오르는 증상",,209,225,8,"다. 하기와 같은 선천성 결손 선천성 난청, Achalasia(식도·직장 등의 이완 불능증), 구개열, 동맥","다. 하기와 같은 선천성 결손
선천성 난청, Achalasia(식도·직장 등의 이완 불능증), 구개열, 동맥관 개존증
【배꼽허니아】 복부 내장의 탈장 등으로 인해 배꼽 주변이 부풀어 오르는 증상
【파보바이러스 감염증】 파보바이러스에 감염되어 구토와 설사 등의 증상을 일으킴
【디스템퍼바이러스 감염증】 디스템퍼바이러스에 감염되어 호흡기 질환과 신경증상을 일으킴
【파라인플루엔자 감염증】 파라인플루엔자에 감염되어, 기침, 가래, 콧물 등의 증상을 일으킴
【아데노바이러스 2형 감염증】 아데노바이러스 2형 바이러스에 감염되어 호흡기 증상 등을 일으
킴
【코로나바이러스 감염증】 코로나바이러스성 장염으로 불리며, 소화계통의 바이러스 감염으로 인
해 구토, 설사 등의 증상을 일으킴
【렙토스피라 감염증】 랩토스피라 세균에 감염되어 황달, 신부전 등의 증상을 일으킴
【심장사상충 감염증】 개사상충(기생충)이 심장이나 폐혈관에서 기생하며 호흡곤란, 혈액순환 장
애 등의 증상을 일으킴
【켄넬코프】 전염성 기관지염으로 기침이나 발열 등 사람이 걸리는 감기와 비슷한 증상

[Page 8]
【잔존유치】 영구치가 났는데도 불구하고 유치가 남아있어서 발치를 하는 경우
【잠복고환】 고환이 음낭까지 내려오지 못하는 증상"
6,115,제8조(보험금의 지급절차),제8조,지급절,"긍정:지급,청구","피보험자,회사",청구,"제8조(보험금의 지급절차) // ① 회사는 제7조(보험금의 청구)에서 정한 서류를 접수한 때에는 접수증을 교부하고, 그 서류를 접수 // 받은 후 지체없이 지급할 보험금을 결정하고 지급할 보험금이 결정되면 7일 이내에 이를 지급하여","제7조,제1항,제2항,제8조",245,264,9,제8조(보험금의 지급절차) ① 회사는 제7조(보험금의 청구)에서 정한 서류를 접수한 때에는 접수증을 교부하고,"제8조(보험금의 지급절차)
① 회사는 제7조(보험금의 청구)에서 정한 서류를 접수한 때에는 접수증을 교부하고, 그 서류를 접수
받은 후 지체없이 지급할 보험금을 결정하고 지급할 보험금이 결정되면 7일 이내에 이를 지급하여
드립니다. 또한, 지급할 보험금이 결정되기 전이라도 피보험자의 청구가 있을 때에는 회사가 추정
한 보험금의 50% 상당액을 가지급보험금으로 지급합니다.
【가지급보험금】 보험금이 지급기한 내에 지급되지 못할 것으로 판단되는 경우 회사가 예상되는 보험금
의 일부를 먼저 지급하는 제도로 피보험자가 필요로 하는 비용을 보전해 주기 위해 회사가 먼저 지급하는
임시 교부금을 말합니다.
② 회사는 제1항의 지급보험금이 결정된 후 7일(이하 ‘지급기일’이라 합니다)이 지나도록 보험금을 지급
하지 않았을 때에는 지급기일의 다음날부터 지급일까지의 기간에 대하여 <부표> ‘보험금을 지급할
때의 적립이율’에 따라 연단위 복리로 계산한 금액을 보험금에 더하여 지급합니다. 그러나 피보험자
의 책임 있는 사유로 지급이 지연될 때에는 그 해당기간에 대한 이자를 더하여 드리지 않습니다.
<부표> 보험금을 지급할 때의 적립이율 (제8조 제2항 관련)
기 간 지 급 이 자
지급기일의 다음 날부터 30일 이내 기간 보험계약대출이율

[Page 9]
지급기일의 31일이후부터 60일 이내 기간 보험계약대출이율+가산이율(4.0%)
지급기일의 61일이후부터 90일 이내 기간 보험계약대출이율+가산이율(6.0%)
지급기일의 91일 이후 기간 보험계약대출이율+가산이율(8.0%)
주) 보험계약대출이율은 보험개발원이 공시하는 보험계약대출이율을 적용합니다."
7,116,제9조(보험금 등의 지급한도),제9조,,"긍정:지급,보상","피보험자,회사",지급,제9조(보험금 등의 지급한도) // ② 보험기간 중에 발생한 사고로 회사가 지급하는 치료비보험금의 총 합계는 보험증권에 기재된 총보,"제9조,제4조",266,273,,제9조(보험금 등의 지급한도) ① 제4조(보상하는 손해)에서 정한 치료비보험금은 보험증권에 기재된 자기부담금,"제9조(보험금 등의 지급한도)
① 제4조(보상하는 손해)에서 정한 치료비보험금은 보험증권에 기재된 자기부담금을 차감 후 보상비율
을 곱한 금액이며 보험증권에 정한 1일당 보상한도액을 한도로 보상합니다. 자기부담금은 1일당
치료비에서 차감합니다.
② 보험기간 중에 발생한 사고로 회사가 지급하는 치료비보험금의 총 합계는 보험증권에 기재된 총보
상한도액을 한도로 합니다.
【치료비보험금】 아래 ①과 ② 중 적은 금액
① (피보험자가 부담한 1일당 치료비 – 1일당 자기부담금) × 보상비율
② 보험증권에서 정한 1일당 보상한도액"
8,117,제10조(보험금의 분담),제10조,,"긍정:보장,지급,보상,청구","피보험자,회사",청구,① 이 계약에서 보장하는 위험과 같은 위험을 보장하는 다른 계약(공제계약을 포함합니다)이 있을 경 // A사 : 100만원 × 90만원 / (90만원 + 60만원) = 60만원 지급 // B사 : 100만원 × 60만원 / (90만원 + 60만원) = 40만원 지급,"제10조,제1항",275,287,,제10조(보험금의 분담) ① 이 계약에서 보장하는 위험과 같은 위험을 보장하는 다른 계약(공제계약을 포함합니,"제10조(보험금의 분담)
① 이 계약에서 보장하는 위험과 같은 위험을 보장하는 다른 계약(공제계약을 포함합니다)이 있을 경
우 각 계약에 대하여 다른 계약이 없는 것으로 하여 각각 산출한 보상책임액의 합계액이 손해액을
초과할 때에는 회사는 아래에 따라 손해를 보상합니다.
손해액(피보험자가 부담한 총비용) ×
다른 계약이 없을 때 이 계약의 보상책임액
다른 계약이 없는 것으로 하여 각각 계산한 보상책임액의 합계액
【예시】 두 보험회사와 계약을 체결하고 100만원의 손해가 발생한 경우 보험금 계산 예시는 아래와 같습
니다. A사만 가입한 경우 A사의 보상책임액이 90만원이고 B사만 가입한 경우 B사의 보상책임액이 60만원
인 경우,
A사 : 100만원 × 90만원 / (90만원 + 60만원) = 60만원 지급
B사 : 100만원 × 60만원 / (90만원 + 60만원) = 40만원 지급
② 피보험자가 다른 계약에 대하여 보험금 청구를 포기한 경우에도 회사의 제1항에 의한 지급보험금
결정에는 영향을 미치지 않습니다."
9,120,제12조(계약 전 알릴 의무),제12조,,부정:해지,"피보험자,계약자",해지,대하여 알고 있는 사실을 반드시 사실대로 알려야 합니다 // <「상법」 제651조(고지의무위반으로 인한 계약해지)> // 하여 계약을 해지할 수 있다,"제651조,제12조",296,305,,"제12조(계약 전 알릴 의무) 계약자, 피보험자 또는 이들의 대리인은 청약할 때 청약서(질문서를 포함합니다)","제12조(계약 전 알릴 의무)
계약자, 피보험자 또는 이들의 대리인은 청약할 때 청약서(질문서를 포함합니다)에서 질문한 사항에
대하여 알고 있는 사실을 반드시 사실대로 알려야 합니다.
【관련법규】
<「상법」 제651조(고지의무위반으로 인한 계약해지)>
보험계약당시에 보험계약자 또는 피보험자가 고의 또는 중대한 과실로 인하여 중요한 사항을 고지하지 아니하
거나 부실의 고지를 한 때에는 보험자는 그 사실을 안 날로부터 1월내에, 계약을 체결한 날로부터 3년내에 한
하여 계약을 해지할 수 있다. 그러나 보험자가 계약당시에 그 사실을 알았거나 중대한 과실로 인하여 알지 못
한 때에는 그러하지 아니하다.
<「상법」 제651조의2(서면에 의한 질문의 효력)>
보험자가 서면으로 질문한 사항은 중요한 사항으로 추정한다."
10,129,제15조(보험계약의 성립),제15조,,"긍정:성립,변경; 부정:거절","회사,계약자",변경,"받은 경우에는 청약일부터 30일 이내에 승낙 또는 거절의 통지를 하며 통지가 없으면 승낙한 것으 // ③ 회사가 청약을 승낙한 때에는 지체없이 보험증권을 계약자에게 교부하여 드리며, 청약을 거절한 경 // 우에는 거절통지와 함께 받은 금액을 계약자에게 돌려드립니다",제15조,327,334,,제15조(보험계약의 성립) ① 계약은 계약자의 청약과 회사의 승낙으로 이루어집니다. ② 회사는 계약의 청약을,"제15조(보험계약의 성립)
① 계약은 계약자의 청약과 회사의 승낙으로 이루어집니다.
② 회사는 계약의 청약을 받고 보험료 전액 또는 제1회 보험료(이하 ‘제1회 보험료 등’이라 합니다)를
받은 경우에는 청약일부터 30일 이내에 승낙 또는 거절의 통지를 하며 통지가 없으면 승낙한 것으
로 봅니다.
③ 회사가 청약을 승낙한 때에는 지체없이 보험증권을 계약자에게 교부하여 드리며, 청약을 거절한 경
우에는 거절통지와 함께 받은 금액을 계약자에게 돌려드립니다.
④ 이미 성립한 계약을 연장하거나 변경하는 경우에는 회사는 보험증권에 그 사실을 기재함으로써 보
험증권의 교부에 대신할 수 있습니다."
11,130,제16조(청약의 철회),제16조,,,"회사,계약자",철회,② 제1항에도 불구하고 청약한 날부터 30일이 초과된 계약은 청약을 철회할 수 없습니다 // 「상법」 제640조에 따른 보험증권을 받은 날부터 15일과 청약을 한 날부터 30일 중 먼저 도래하는 기간,"제46조,제640조,제1항,제16조,제2조",336,348,,제16조(청약의 철회) ① 계약자는 보험증권을 받은 날부터 15일 이내에 그 청약을 철회할 수 있습니다. 다,"제16조(청약의 철회)
① 계약자는 보험증권을 받은 날부터 15일 이내에 그 청약을 철회할 수 있습니다. 다만, 의무보험의
경우에는 철회의사를 표시한 시점에 동종의 다른 의무보험에 가입된 경우에만 철회할 수 있으며,
보험기간이 90일 이내인 계약 또는 전문금융소비자가 체결한 계약은 청약을 철회할 수 없습니다.
【전문금융소비자】 보험계약에 관한 전문성, 자산규모 등에 비추어 보험계약에 따른 위험감수능력이 있는
자로서, 국가, 지방자치단체, 한국은행, 금융회사, 주권상장법인 등을 포함 하며 「금융소비자보호에 관한
법률」제2조(정의) 제9호에서 정하는 전문금융소비자를 말합니다.
【일반금융소비자】 전문금융소비자가 아닌 계약자를 말합니다.
② 제1항에도 불구하고 청약한 날부터 30일이 초과된 계약은 청약을 철회할 수 없습니다.
【관련법규】
<「금융소비자보호에 관한 법률」 제46조(청약의 철회)>에서 정한 일반금융소비자가 청약을 철회할 수 있
는 기간은 아래와 같습니다.
「상법」 제640조에 따른 보험증권을 받은 날부터 15일과 청약을 한 날부터 30일 중 먼저 도래하는 기간
【예시】"
12,132,2. 청약일 : 2025년 1월 3일 / 보험증권을 받은 날 : 2025년 1년 20일인 경우,,,"긍정:지급,청구","회사,계약자",청구, 청약일 : 2025년 1월 3일 / 보험증권을 받은 날 : 2025년 1년 20일인 경우 // - 청약을 한 날로부터 30일 : 2025년 2월 2일 (←먼저도래) // 율’을 연단위 복리로 계산한 금액을 더하여 지급합니다,제1항,354,370,12,2. 청약일 : 2025년 1월 3일 / 보험증권을 받은 날 : 2025년 1년 20일인 경우 - 보험증권을,"2. 청약일 : 2025년 1월 3일 / 보험증권을 받은 날 : 2025년 1년 20일인 경우
- 보험증권을 받은 날부터 15일 : 2025년 2월 4일
- 청약을 한 날로부터 30일 : 2025년 2월 2일 (←먼저도래)
※ 이 경우 청약철회는 2025년 2월 2일까지 가능합니다.
③ 청약철회는 계약자가 전화로 신청하거나, 철회의사를 표시하기 위한 서면, 전자우편, 휴대전화 문
자메세지 또는 이에 준하는 전자적 의사표시(이하 ‘서면 등’이라 합니다)를 발송한 때 효력이 발생
합니다. 계약자는 서면 등을 발송한 때에 그 발송 사실을 회사에 지체없이 알려야 합니다.
④ 계약자가 청약을 철회한 때에는 회사는 청약의 철회를 접수한 날부터 3영업일 이내에 납입한 보험
료를 돌려드리며, 보험료 반환이 늦어진 기간에 대하여는 ‘보험개발원이 공시하는 보험계약대출이
율’을 연단위 복리로 계산한 금액을 더하여 지급합니다. 다만, 계약자가 제1회 보험료를 신용카드

[Page 12]
로 납입한 계약의 청약을 철회하는 경우에는 회사는 청약의 철회를 접수한 날부터 3영업일 이내에
해당 신용카드회사로 하여금 대금청구를 하지 않도록 해야 하며, 이 경우 회사는 보험료를 반환한
것으로 봅니다.
⑤ 청약을 철회할 때에 이미 보험금 지급사유가 발생하였으나 계약자가 그 보험금 지급사유가 발생한
사실을 알지 못한 경우에는 청약철회의 효력은 발생하지 않습니다.
⑥ 제1항에서 보험증권을 받은 날에 대한 다툼이 발생한 경우 회사가 이를 증명하여야 합니다."
13,136,3. 휴대전화 문자메세지 또는 이에 준하는 전자적 의사표시,,,"긍정:지급,환급; 부정:해지,제한","회사,계약자",해지,- 보험금 지급제한 사유 및 지급절차 // - 계약의 해지 및 해제 // - 환급금에 관한 사항,"제1항,제19조,제13조",379,392,,3. 휴대전화 문자메세지 또는 이에 준하는 전자적 의사표시 【약관의 중요한 내용】 금융소비자 보호에 관한 법,"3. 휴대전화 문자메세지 또는 이에 준하는 전자적 의사표시
【약관의 중요한 내용】 금융소비자 보호에 관한 법률 제19조(설명의무), 동법 시행령 제13조, 금융소
비자 보호에 관한 감독규정 [별표3]에서 정한 다음의 내용을 포함합니다.
- 보험금 지급제한 사유 및 지급절차
- 청약의 철회에 관한 사항
- 계약의 해지 및 해제
- 분쟁조정 절차에 관한 사항
- 예금자보호법에 따른 보호여부
- 환급금에 관한 사항
- 고지의무 및 통지의무 위반의 효과
- 만기시 자동갱신되는 보험계약의 경우 자동갱신의 조건
- 그 밖에 약관에 기재된 보험계약의 중요사항
② 제1항과 관련하여 통신판매계약의 경우, 회사는 계약자가 가입한 특약만 포함한 약관을 드리며, 전
화를 이용하여 체결하는 계약은 계약자의 동의를 얻어 다음의 방법으로 약관의 중요한 내용을 설
명할 수 있습니다."
14,137,"1. 전화를 이용하여 청약내용, 보험료납입, 보험기간, 계약 전 알릴 의무, 약관의 중요한 내용 등",,,"긍정:지급,성립; 부정:취소","회사,계약자",지급,"을 하지 않은 때에는 계약자는 계약이 성립한 날부터 3개월 이내에 계약을 취소할 수 있습니다 // ④ 제3항에 따라 계약이 취소된 경우에는 회사는 이미 납입한 보험료를 계약자에게 돌려드리며, 보험 // 을 더하여 지급합니다","제2조,제1항,제3항",394,405,13,"1. 전화를 이용하여 청약내용, 보험료납입, 보험기간, 계약 전 알릴 의무, 약관의 중요한 내용 등 계약을 ","1. 전화를 이용하여 청약내용, 보험료납입, 보험기간, 계약 전 알릴 의무, 약관의 중요한 내용 등
계약을 체결하는 데 필요한 사항을 질문 또는 설명하는 방법. 이 경우 계약자의 답변과 확인내
용을 음성 녹음함으로써 약관의 중요한 내용을 설명한 것으로 봅니다.
【통신판매계약】 전화ㆍ우편ㆍ인터넷 등 통신수단을 이용하여 체결하는 계약을 말합니다.
③ 회사가 제1항에 따라 제공될 약관 및 계약자 보관용 청약서를 청약할 때 계약자에게 전달하지 않
거나 약관의 중요한 내용을 설명하지 않은 때 또는 계약을 체결할 때 계약자가 청약서에 자필서명
을 하지 않은 때에는 계약자는 계약이 성립한 날부터 3개월 이내에 계약을 취소할 수 있습니다.
【자필서명】 날인(도장을 찍음) 및 전자서명법 제2조 제2호에 따른 전자서명을 포함합니다.
④ 제3항에 따라 계약이 취소된 경우에는 회사는 이미 납입한 보험료를 계약자에게 돌려드리며, 보험
료를 받은 기간에 대하여 보험개발원이 공시하는 보험계약대출이율을 연단위 복리로 계산한 금액
을 더하여 지급합니다.

[Page 13]"
15,144,"5. 보험가입금액, 보험료 등 기타 계약의 내용",,,"긍정:지급,환급,변경; 부정:해지","회사,계약자",해지,"분은 계약이 해지된 것으로 보며, 제30조(보험료의 환급)에 따라 보험료를 계약자에게 지급합니다","제1항,제30조",419,424,,"5. 보험가입금액, 보험료 등 기타 계약의 내용 ② 회사는 계약자가 제1회 보험료 등을 납입한 때부터 1년 ","5. 보험가입금액, 보험료 등 기타 계약의 내용
② 회사는 계약자가 제1회 보험료 등을 납입한 때부터 1년 이상 지난 유효한 계약으로서 그 보험종목
의 변경을 요청할 때에는 회사의 사업방법서에서 정하는 방법에 따라 이를 변경하여 드립니다.
③ 회사는 계약자가 제1항 제5호의 규정에 의하여 보험가입금액을 감액하고자 할 때에는 그 감액된 부
분은 계약이 해지된 것으로 보며, 제30조(보험료의 환급)에 따라 보험료를 계약자에게 지급합니다.
④ 회사는 제1항에 따라 계약자를 변경한 경우, 변경된 계약자에게 보험증권 및 약관을 교부하고 변경
된 계약자가 요청하는 경우 약관의 중요한 내용을 설명하여 드립니다."
16,145,제20조(타인을 위한 계약),제20조,,"긍정:지급,청구","보험사,회사,계약자",청구,① 계약자는 타인을 위한 계약을 체결하는 경우에 그 타인의 위임이 없는 때에는 반드시 이를 회사에 // 손해를 배상한 때에는 계약자는 그 타인의 권리를 해하지 않는 범위 안에서 회사에 보험금의 지급 // 을 청구할 수 있습니다,제20조,426,432,,제20조(타인을 위한 계약) ① 계약자는 타인을 위한 계약을 체결하는 경우에 그 타인의 위임이 없는 때에는 ,"제20조(타인을 위한 계약)
① 계약자는 타인을 위한 계약을 체결하는 경우에 그 타인의 위임이 없는 때에는 반드시 이를 회사에
알려야 하며, 이를 알리지 않았을 때에는 그 타인은 이 계약이 체결된 사실을 알지 못하였다는 사
유로 회사에 이의를 제기할 수 없습니다.
② 타인을 위한 계약에서 보험사고가 발생한 경우에 계약자가 그 타인에게 보험사고의 발생으로 생긴
손해를 배상한 때에는 계약자는 그 타인의 권리를 해하지 않는 범위 안에서 회사에 보험금의 지급
을 청구할 수 있습니다.
【타인을 위한 계약】 계약자가 다른 사람의 이익을 위하여 자기의 이름으로 체결하는 보험계약을 말합니"
17,150,"2. 제5조(보상하지 않는 손해), 제14조(사기에 의한 계약), 제18조(계약의 무효) 또는 제26조(계약",제5조,,"긍정:보장,보상; 부정:해지,무효","회사,계약자",해지,의 해지)의 규정을 준용하여 회사가 보장을 하지 않을 수 있는 경우 // ⑤ 계약이 갱신되는 경우에는 제1항 내지 제3항에 의한 보장은 기존 계약에 의한 보장이 종료하는 때,"제18조,제5조,제3항,제1항,제14조,제26조",446,452,,"2. 제5조(보상하지 않는 손해), 제14조(사기에 의한 계약), 제18조(계약의 무효) 또는 제26조(계약","2. 제5조(보상하지 않는 손해), 제14조(사기에 의한 계약), 제18조(계약의 무효) 또는 제26조(계약
의 해지)의 규정을 준용하여 회사가 보장을 하지 않을 수 있는 경우
④ 계약자가 제1회 보험료 등을 자동이체 또는 신용카드로 납입하는 경우에는 자동이체신청 및 신용
카드매출 승인에 필요한 정보를 회사에 제공한 때가 제1회 보험료 등을 납입한 때가 되나, 계약자
의 책임있는 사유로 자동이체 또는 매출승인이 불가능한 경우에는 제1회 보험료 등이 납입되지 않
은 것으로 봅니다.
⑤ 계약이 갱신되는 경우에는 제1항 내지 제3항에 의한 보장은 기존 계약에 의한 보장이 종료하는 때
부터 적용합니다."
18,152,제23조[보험료의 납입이 연체되는 경우 납입최고(독촉)와 계약의 해지],제23조,,"긍정:보장,지급; 부정:해지","회사,계약자",해지,"제23조[보험료의 납입이 연체되는 경우 납입최고(독촉)와 계약의 해지] // 회사는 14일(보험기간이 1년 미만인 경우에는 7일) 이상의 기간을 납입최고(독촉)기간으로 정하여 //  다만, 계약이 해지되기 전에 발생한 보험",제23조,459,463,,제23조[보험료의 납입이 연체되는 경우 납입최고(독촉)와 계약의 해지] ① 계약자가 제2회 이후의 보험료를 ,"제23조[보험료의 납입이 연체되는 경우 납입최고(독촉)와 계약의 해지]
① 계약자가 제2회 이후의 보험료를 납입기일까지 납입하지 않아 보험료 납입이 연체 중인 경우에는,
회사는 14일(보험기간이 1년 미만인 경우에는 7일) 이상의 기간을 납입최고(독촉)기간으로 정하여
계약자(타인을 위한 계약의 경우 그 특정된 타인을 포함합니다)에게 다음의 내용을 서면(등기우편
등), 전화(음성녹음) 또는 전자문서 등으로 알려드립니다. 다만, 계약이 해지되기 전에 발생한 보험
금 지급사유에 대하여 회사는 계약상의 보장을 합니다."
19,154,2. 납입최고(독촉)기간이 끝나는 날까지 보험료를 납입하지 않을 경우그 끝나는 날의 다음날에 계,,,부정:해지,"회사,계약자",해지,약이 해지된다는 내용,"제1항,제3항",466,479,15,2. 납입최고(독촉)기간이 끝나는 날까지 보험료를 납입하지 않을 경우그 끝나는 날의 다음날에 계 약이 해지된,"2. 납입최고(독촉)기간이 끝나는 날까지 보험료를 납입하지 않을 경우그 끝나는 날의 다음날에 계
약이 해지된다는 내용
② 제1항의 납입최고(독촉)기간은 납입최고(독촉)의 통지가 계약자(타인을 위한 계약의 경우 그 특정
된 타인을 포함합니다)에게 도달한 날부터 시작되며, 납입최고(독촉)기간의 마지막 날이 영업일이
아닌 때에는 최고(독촉)기간은 그 다음 날까지로 합니다.

[Page 15]
③ 회사가 제1항에 의한 납입최고(독촉) 등을 전자문서로 안내하고자 할 경우에는 계약자의 서면에 의
한 동의를 얻어 수신확인을 조건으로 전자문서를 송신하여야 하며, 계약자가 전자문서에 대하여
수신을 확인하기 전까지는 그 전자문서는 송신되지 않은 것으로 봅니다. 회사는 전자문서가 수신
되지 않은 것으로 확인되는 경우에는 제1항의 납입최고(독촉)기간을 설정하여 제1항에서 정한 내
용을 서면(등기우편 등) 또는 전화(음성녹음)로 다시 알려 드립니다.
④ 회사가 제1항에 따른 납입최고(독촉) 등을 전화(음성녹음)로 안내하고자 할 때 다음 각 호의 요건
을 모두 충족하는 경우에 「보험업감독규정」 제4-36조 제3항에 따른 전자적 상품설명장치를 활
용할 수 있습니다."
20,160,제24조[보험료의 납입연체로 인한 해지계약의 부활(효력회복)],제24조,,"긍정:보장,지급,환급,성립; 부정:해지,거절","피보험자,회사,계약자",해지,제24조[보험료의 납입연체로 인한 해지계약의 부활(효력회복)] // ① 제23조[보험료의 납입이 연체되는 경우 납입최고(독촉)와 계약의 해지]에 따라 계약이 해지되었으 // 나 계약자가 제30조(보험료의 환급)에 따라 보험료를 돌려받지 않는 경우 계약자는 해지된 날부터,"제15조,제30조,제3항,제24조,제1항,제12조,제23조,제14조,제26조,제21조",492,505,,제24조[보험료의 납입연체로 인한 해지계약의 부활(효력회복)] ① 제23조[보험료의 납입이 연체되는 경우 납,"제24조[보험료의 납입연체로 인한 해지계약의 부활(효력회복)]
① 제23조[보험료의 납입이 연체되는 경우 납입최고(독촉)와 계약의 해지]에 따라 계약이 해지되었으
나 계약자가 제30조(보험료의 환급)에 따라 보험료를 돌려받지 않는 경우 계약자는 해지된 날부터
3년 이내에 회사가 정한 절차에 따라 계약의 부활(효력회복)을 청약할 수 있습니다. 이 경우 회사
가 그 청약을 승낙한 때에는 계약자는 부활(효력회복)을 청약한 날까지의 연체된 보험료에 보험개
발원이 공시하는 월평균 정기예금이율 +1% 범위내에서 각 상품별로 회사가 정하는 이율로 계산한
금액을 더하여 납입하여야 합니다.
【설명】 현재 시점의 정기예금이율은 보험개발원 홈페이지 (www.kidi.or.kr)에서 확인할 수 있습니다.
② 제1항에 따라 해지계약을 부활(효력회복)하는 경우에는 제12조(계약 전 알릴의무), 제14조(사기에
의한 계약), 제15조(보험계약의 성립), 제21조(제1회 보험료 등 및 회사의 보장개시) 및 제26조(계
약의 해지)의 규정을 준용합니다. 이 때 회사는 해지 전 발생한 보험금 지급사유를 이유로 부활(효
력회복)을 거절하지 않습니다.
③ 제1항에서 정한 계약의 부활이 이루어진 경우라도 계약자 또는 피보험자가 최초 계약 청약시(2회
이상 부활이 이루어진 경우 종전 모든 부활 청약 포함) 제12조(계약 전 알릴의무)를 위반한 경우에
는 제26조(계약의 해지) 제3항이 적용됩니다."
21,162,제19조(계약내용의 변경 등) 제1항의 절차에 따라 계약자 명의를 피보험자로 변경하여 계약의 특,제19조,제1항,"긍정:지급,환급,변경; 부정:해지","피보험자,회사,계약자",해지," 법원은 채권자의 신청에 따른 강제집행 및 담보권실행으로 채무자의 환급금을 압류할 // 수 있으며, 법원의 추심명령 또는 전부명령에 따라 회사는 채권자에게 환급금을 지급하게 됩니다 // 방세 체납시 국세청 및 지방자치단체에 의해 채무자의 환급금이 압류될 수 있으며, 체납처분 절차에 따라","제1항,제19조",513,530,17,제19조(계약내용의 변경 등) 제1항의 절차에 따라 계약자 명의를 피보험자로 변경하여 계약의 특 별부활(효력,"제19조(계약내용의 변경 등) 제1항의 절차에 따라 계약자 명의를 피보험자로 변경하여 계약의 특
별부활(효력회복)을 청약할 수 있음을 피보험자에게 통지하여야 합니다.
【강제집행】 사법상 또는 행정법상의 의무를 이행하지 않는 사람에 대하여 국가가 강제 권력으로 그 의무
를 이행하는 것을 말합니다.
【담보권 실행】 담보권을 설정한 채권자가 채무를 이행하지 않는 채무자에 대하여 해당 담보권을 실행하
는 것을 말합니다. 법원은 채권자의 신청에 따른 강제집행 및 담보권실행으로 채무자의 환급금을 압류할
수 있으며, 법원의 추심명령 또는 전부명령에 따라 회사는 채권자에게 환급금을 지급하게 됩니다.
【국세 및 지방세 체납처분 절차】 국세 또는 지방세를 체납할 경우 국세 기본법 및 지방세법에 의하여 체
납된 세금에 대하여 가산금 징수, 독촉장 발부 및 재산 압류 등의 집행을 하는 것을 말합니다. 국세 및 지
방세 체납시 국세청 및 지방자치단체에 의해 채무자의 환급금이 압류될 수 있으며, 체납처분 절차에 따라
회사는 채권자에게 환급금을 지급하게 됩니다.
② 회사는 제1항에 의한 계약자 명의변경 신청 및 계약의 특별부활(효력회복) 청약을 승낙하며, 계약
은 청약한 때부터 특별부활(효력회복) 됩니다.
③ 회사는 제1항의 통지를 계약이 해지된 날부터 7일 이내에 하여야 합니다. 다만, 회사의 통지가 7일
을 지나서 도달하고 이후 피보험자가 제1항에 의한 계약자 명의변경 신청 및 계약의 특별부활(효
력회복)을 청약한 경우에는 계약이 해지된 날부터 7일이 되는 날에 특별부활(효력회복) 됩니다.
④ 피보험자는 통지를 받은 날부터 15일 이내에 제1항의 절차를 이행할 수 있습니다.

[Page 17]"
22,164,제26조(계약의 해지),제26조,,부정:해지,"피보험자,회사,계약자",해지,제26조(계약의 해지) // ① 계약자는 손해가 발생하기 전에는 언제든지 계약을 해지할 수 있습니다 // 경우에는 계약자는 그 타인의 동의를 얻거나 보험증권을 소지한 경우에 한하여 계약을 해지할 수,제26조,533,538,,"제26조(계약의 해지) ① 계약자는 손해가 발생하기 전에는 언제든지 계약을 해지할 수 있습니다. 다만, 타인","제26조(계약의 해지)
① 계약자는 손해가 발생하기 전에는 언제든지 계약을 해지할 수 있습니다. 다만, 타인을 위한 계약의
경우에는 계약자는 그 타인의 동의를 얻거나 보험증권을 소지한 경우에 한하여 계약을 해지할 수
있습니다.
② 회사는 계약자 또는 피보험자의 고의로 손해가 발생한 경우 이 계약을 해지할 수 있습니다.
③ 회사는 아래와 같은 사실이 있을 경우에는 손해의 발생여부에 관계없이 그 사실을 안 날부터 1개
월 이내에 이 계약을 해지할 수 있습니다."
23,165,"1. 계약자, 피보험자 또는 이들의 대리인이 제12조(계약 전 알릴 의무)에도 불구하고 고의 또는 중",,,,"피보험자,계약자",," 계약자, 피보험자 또는 이들의 대리인이 제12조(계약 전 알릴 의무)에도 불구하고 고의 또는 중 // 대한 과실로 중요한 사항에 대하여 사실과 다르게 알린 때 // 【고의】 자기의 행위가 불법구성요건을 실현함을 인식하고 인용하는 행위자의 심적 태도를 말합니다",제12조,540,544,,"1. 계약자, 피보험자 또는 이들의 대리인이 제12조(계약 전 알릴 의무)에도 불구하고 고의 또는 중 대한 ","1. 계약자, 피보험자 또는 이들의 대리인이 제12조(계약 전 알릴 의무)에도 불구하고 고의 또는 중
대한 과실로 중요한 사항에 대하여 사실과 다르게 알린 때.
【고의】 자기의 행위가 불법구성요건을 실현함을 인식하고 인용하는 행위자의 심적 태도를 말합니다.
【중대한 과실(중과실)】 주의의무의 위반이 현저한 과실, 즉 현저한 부주의, 태만의 경우로서 조금만
주의를 하였다면 충분히 피해의 발생을 막을 수 있었음에도 그 주의조차 태만히 한 높은 강도의 주의의
무위반을 말합니다."
24,170,4. 보험을 모집한 자(이하 “보험설계사 등”이라 합니다)가 계약자 또는 피보험자에게 알릴 기회를,,,"긍정:지급,보상; 부정:해지,거절","피보험자,보험설계사,회사,계약자",해지,을 알렸다고 인정되는 경우에는 계약을 해지할 수 있습니다 // ⑤ 제3항에 의한 계약의 해지는 손해가 생긴 후에 이루어진 경우에도 회사는 그 손해를 보상하여 드 // ⑥ 회사는 다른 보험가입내역에 대한 계약 전·후 알릴 의무 위반을 이유로 계약을 해지하거나 보험금,제3항,554,562,,4. 보험을 모집한 자(이하 “보험설계사 등”이라 합니다)가 계약자 또는 피보험자에게 알릴 기회를 주지 않았,"4. 보험을 모집한 자(이하 “보험설계사 등”이라 합니다)가 계약자 또는 피보험자에게 알릴 기회를
주지 않았거나 계약자 또는 피보험자가 사실대로 알리는 것을 방해한 경우, 계약자 또는 피보험
자에게 사실대로 알리지 않게 하였거나 부실한 사항을 알릴 것을 권유했을 때. 다만, 보험설계
사 등의 행위가 없었다 하더라도 계약자 또는 피보험자가 사실대로 알리지 않거나 부실한 사항
을 알렸다고 인정되는 경우에는 계약을 해지할 수 있습니다.
⑤ 제3항에 의한 계약의 해지는 손해가 생긴 후에 이루어진 경우에도 회사는 그 손해를 보상하여 드
리지 않습니다. 손해가 제3항 제1호 및 제2호의 사실로 생긴 것이 아님을 계약자 또는 피보험자가
증명한 경우에는 보상하여 드립니다.
⑥ 회사는 다른 보험가입내역에 대한 계약 전·후 알릴 의무 위반을 이유로 계약을 해지하거나 보험금
지급을 거절하지 않습니다."
25,173,2. 계약자 또는 피보험자가 보험금 청구에 관한 서류에 고의로 사실과 다른 것을 기재하였거나 그,,,"긍정:지급,환급,청구; 부정:해지","피보험자,보험수익자,회사,계약자",청구," 계약자 또는 피보험자가 보험금 청구에 관한 서류에 고의로 사실과 다른 것을 기재하였거나 그 //  다만, 이미 보험금 지급사유가 발생한 경우에는 보험 // 금 지급에 영향을 미치지 않습니다","제1항,제30조",570,577,,2. 계약자 또는 피보험자가 보험금 청구에 관한 서류에 고의로 사실과 다른 것을 기재하였거나 그 서류 또는 ,"2. 계약자 또는 피보험자가 보험금 청구에 관한 서류에 고의로 사실과 다른 것을 기재하였거나 그
서류 또는 증거를 위조 또는 변조한 경우. 다만, 이미 보험금 지급사유가 발생한 경우에는 보험
금 지급에 영향을 미치지 않습니다.
【설명】 계약자, 피보험자 또는 보험수익자가 보험금 청구에 관한 서류에 고의로 사실과 다른 것을 기
재하였거나 그 서류 또는 증거를 위조 또는 변조한 경우 회사는 그 사실을 안 날부터 1개월 이내에 계
약을 해지할 수 있습니다. 다만, 이 경우에도 회사는 이미 발생한 보험금 지급사유에 대해서는 보험금
을 지급합니다.
② 회사가 제1항에 따라 계약을 해지한 경우 회사는 그 취지를 계약자에게 통지하고 제30조(보험료의
환급)에 따라 보험료를 계약자에게 지급합니다."
26,176,제29조(위법계약의 해지),제29조,,"긍정:지급,환급; 부정:해지,소멸,거절","회사,계약자",해지,"제29조(위법계약의 해지) // 부터 1년 이내에 계약해지요구서에 증빙서류를 첨부하여 위법계약의 해지를 요구할 수 있습니다 // 다만, 의무보험의 해지를 요구하려는 경우에는 동종의 다른 의무보험에 가입되어 있어야 합니다","제3항,제30조,제1항,제47조,제29조",584,599,,제29조(위법계약의 해지) ① 계약자는 ｢금융소비자보호에 관한 법률｣ 제47조 및 관련규정이 정하는 바에 따,"제29조(위법계약의 해지)
① 계약자는 ｢금융소비자보호에 관한 법률｣ 제47조 및 관련규정이 정하는 바에 따라 계약체결에 대한
회사의 법위반사항이 있는 경우 계약체결일부터 5년 이내의 범위에서 계약자가 위반사항을 안 날
부터 1년 이내에 계약해지요구서에 증빙서류를 첨부하여 위법계약의 해지를 요구할 수 있습니다.
다만, 의무보험의 해지를 요구하려는 경우에는 동종의 다른 의무보험에 가입되어 있어야 합니다.
【위법 계약】 금융상품판매업자 등이 「금융소비자보호에 관한 법률」 제47조에서 정한 적합성원칙, 적
정성원칙, 설명의무, 불공정영업행위 금지 또는 부당권유행위 금지를 위반한 계약을 말합니다.
② 회사는 해지요구를 받은 날부터 10일 이내에 수락여부를 계약자에 통지하여야 하며, 거절할 때에
는 거절 사유를 함께 통지하여야 합니다.
③ 계약자는 회사가 정당한 사유 없이 제1항의 요구를 따르지 않는 경우 해당 계약을 해지할 수 있습
니다.
④ 제1항 및 제3항에 따라 계약이 해지된 경우 회사는 제30조(보험료의 환급) 제1항 제1호에 따른 환
급금을 계약자에게 지급합니다.
⑤ 계약자는 제1항에 따른 제척기간에도 불구하고 민법 등 관계 법령에서 정하는 바에 따라 법률상의
권리를 행사할 수 있습니다.
【제척기간】 어떤 종류의 권리에 대하여 법률상으로 정하여진 존속기간을 말하며, 이 기간이 지나면 해당
권리는 소멸됩니다."
27,179,2. 계약자 또는 피보험자의 책임 있는 사유에 의하는 경우 : 이미 경과한 기간에 대하여 단기요율,,,"부정:해지,무효","피보험자,계약자",해지,생긴 날 또는 해지일이 속하는 보험년도의 보험료는 위 제1항의 규정을 적용하고 그 이후의 보험,제1항,607,612,,2. 계약자 또는 피보험자의 책임 있는 사유에 의하는 경우 : 이미 경과한 기간에 대하여 단기요율 (1년미만,"2. 계약자 또는 피보험자의 책임 있는 사유에 의하는 경우 : 이미 경과한 기간에 대하여 단기요율
(1년미만의 기간에 적용되는 요율)로 계산한 보험료를 뺀 잔액. 다만, 계약자, 피보험자의 고의
또는 중대한 과실로 무효가 된 때에는 보험료를 돌려드리지 않습니다.
② 보험기간이 1년을 초과하는 계약이 무효 또는 효력상실인 경우에는 무효 또는 효력상실의 원인이
생긴 날 또는 해지일이 속하는 보험년도의 보험료는 위 제1항의 규정을 적용하고 그 이후의 보험
년도에 속하는 보험료는 전액을 돌려드립니다.
③ 제1항 제2호에서 ‘계약자 또는 피보험자의 책임 있는 사유’라 함은 다음 각호를 말합니다."
28,182,3. 보험료 미납으로 인한 계약의 효력 상실,,,"긍정:지급,환급,청구; 부정:해지,무효","회사,계약자",청구,"④ 계약의 무효, 효력상실 또는 해지로 인하여 회사가 돌려드려야 할 보험료가 있을 때에는 계약자는 // 환급금을 청구하여야 하며, 회사는 청구일의 다음 날부터 지급일까지의 기간에 대하여 ‘보험개발원 // 이 공시하는 보험계약대출이율’을 연단위 복리로 계산한 금액을 더하여 지급합니다",제4항,617,624,20,"3. 보험료 미납으로 인한 계약의 효력 상실 ④ 계약의 무효, 효력상실 또는 해지로 인하여 회사가 돌려드려야","3. 보험료 미납으로 인한 계약의 효력 상실
④ 계약의 무효, 효력상실 또는 해지로 인하여 회사가 돌려드려야 할 보험료가 있을 때에는 계약자는
환급금을 청구하여야 하며, 회사는 청구일의 다음 날부터 지급일까지의 기간에 대하여 ‘보험개발원
이 공시하는 보험계약대출이율’을 연단위 복리로 계산한 금액을 더하여 지급합니다.
⑤ 회사가 해지권을 행사하는 경우 제4항의 ‘청구일’은 회사의 해지 의사표시(서면, 전자우편, 휴대전
화 문자메시지 또는 이에 준하는 전자적 의사표시 포함)가 계약자 또는 그의 대리인에게 도달한 날
로 봅니다.

[Page 20]"
29,184,제31조(분쟁의 조정),제31조,,긍정:유지; 부정:제외,"회사,계약자",,우를 제외하고는 소를 제기하지 않습니다,"제42조,제31조",627,632,,제31조(분쟁의 조정) ① 계약에 관하여 분쟁이 있는 경우 분쟁 당사자 또는 기타 이해관계인과 회사는 금융감,"제31조(분쟁의 조정)
① 계약에 관하여 분쟁이 있는 경우 분쟁 당사자 또는 기타 이해관계인과 회사는 금융감독원장에게
조정을 신청할 수 있으며, 분쟁조정 과정에서 계약자는 관계 법령이 정하는 바에 따라 회사가 기록
및 유지･관리하는 자료의 열람(사본의 제공 또는 청취를 포함한다)을 요구할 수 있습니다.
② 회사는 일반금융소비자인 계약자가 조정을 통하여 주장하는 권리나 이익의 가액이 ｢금융소비자보
호에 관한 법률｣ 제42조에서 정하는 일정 금액 이내인 분쟁사건에 대하여 관계 법령이 정하는 경
우를 제외하고는 소를 제기하지 않습니다."
30,186,제33조(소멸시효),제33조,,"긍정:지급,환급,청구; 부정:소멸",,청구,"보험금청구권, 보험료 또는 환급금 반환청구권은 3년간 행사하지 않으면 소멸시효가 완성됩니다 // 【예시】 보험금 지급사유가 2022년 1월 1일에 발생하였음에도 2025년 1월 1일까지 보험금을 청구하지 않는 // 경우 소멸시효가 완성되어 보험금을 지급받지 못 할 수 있습니다",제33조,637,642,,"제33조(소멸시효) 보험금청구권, 보험료 또는 환급금 반환청구권은 3년간 행사하지 않으면 소멸시효가 완성됩니","제33조(소멸시효)
보험금청구권, 보험료 또는 환급금 반환청구권은 3년간 행사하지 않으면 소멸시효가 완성됩니다.
【소멸시효】 일정기간 행사하지 않으면 권리를 소멸시키는 제도입니다. 소멸시효는 권리를 행사할 수 있는
때로부터 진행합니다.
【예시】 보험금 지급사유가 2022년 1월 1일에 발생하였음에도 2025년 1월 1일까지 보험금을 청구하지 않는
경우 소멸시효가 완성되어 보험금을 지급받지 못 할 수 있습니다. 다만, 2025년 1월 1일이 토요일 또는 공휴일
일 경우 그 다음 첫 영업일에 소멸시효가 완성됩니다."
31,187,제34조(약관의 해석),제34조,,긍정:보상,"피보험자,회사,계약자",,제34조(약관의 해석) // ① 회사는 신의성실의 원칙에 따라 공정하게 약관을 해석하여야 하며 계약자에 따라 다르게 해석하지 // 【신의성실의 원칙】 계약관계의 당사자는 권리를 행사하거나 의무를 이행할 때 상대방의 정당한 이익을,"제34조,제2조",644,653,,제34조(약관의 해석) ① 회사는 신의성실의 원칙에 따라 공정하게 약관을 해석하여야 하며 계약자에 따라 다르,"제34조(약관의 해석)
① 회사는 신의성실의 원칙에 따라 공정하게 약관을 해석하여야 하며 계약자에 따라 다르게 해석하지
않습니다.
【신의성실의 원칙】 계약관계의 당사자는 권리를 행사하거나 의무를 이행할 때 상대방의 정당한 이익을
배려하고 신뢰에 어긋나지 않도록 행동해야 한다는 원칙을 말합니다.
【관련법규】
<「민법」 제2조(신의성실))>
① 권리의 행사와 의무의 이행은 신의에 좇아 성실히 하여야 한다.
② 회사는 약관의 뜻이 명백하지 않은 경우에는 계약자에게 유리하게 해석합니다.
③ 회사는 보상하지 않는 손해 등 계약자나 피보험자에게 불리하거나 부담을 주는 내용은 확대하여
해석하지 않습니다."
32,188,제35조(설명서 교부 및 보험안내자료 등의 효력),제35조,,긍정:성립,"보험설계사,회사,계약자",,제35조(설명서 교부 및 보험안내자료 등의 효력) // ① 회사는 일반금융소비자에게 청약을 권유하거나 일반금융소비자가 설명을 요청하는 경우 보험상품 // 에 관한 중요한 사항을 계약자가 이해할 수 있도록 설명하고 계약자가 이해하였음을 서명(「전자,"제2조,제35조",655,665,21,제35조(설명서 교부 및 보험안내자료 등의 효력) ① 회사는 일반금융소비자에게 청약을 권유하거나 일반금융소비,"제35조(설명서 교부 및 보험안내자료 등의 효력)
① 회사는 일반금융소비자에게 청약을 권유하거나 일반금융소비자가 설명을 요청하는 경우 보험상품
에 관한 중요한 사항을 계약자가 이해할 수 있도록 설명하고 계약자가 이해하였음을 서명(「전자
서명법」 제2조 제2호에 따른 전자서명을 포함), 기명날인 또는 녹취 등을 통해 확인받아야 하며,
설명서를 제공하여야 합니다.

[Page 21]
② 설명서, 약관, 청약서 부본 및 증권의 제공 사실에 관하여 계약자와 회사간에 다툼이 있는 경우에
는 회사가 이를 증명하여야 합니다.
③ 보험설계사 등이 모집과정에서 사용한 회사 제작의 보험안내자료의 내용이 약관의 내용과 다른 경
우에는 계약자에게 유리한 내용으로 계약이 성립된 것으로 봅니다.
【보험안내자료】 계약의 청약을 권유하기 위해 만든 서류 등을 말합니다."
33,189,제36조(회사의 손해배상책임),제36조,,긍정:지급; 부정:거절,"피보험자,회사,계약자",지급,② 회사는 보험금 지급 거절 및 지연지급의 사유가 없음을 알았거나 알 수 있었음에도 불구하고 소를 제 // ③ 회사가 보험금 지급여부 및 지급금액에 관하여 현저하게 공정을 잃은 합의로 계약자 또는 피보험,"제36조,제2항",667,675,,"제36조(회사의 손해배상책임) ① 회사는 계약과 관련하여 임직원, 보험 설계사 및 대리점의 책임있는 사유로 ","제36조(회사의 손해배상책임)
① 회사는 계약과 관련하여 임직원, 보험 설계사 및 대리점의 책임있는 사유로 인하여 계약자 및 피보
험자에게 발생된 손해에 대하여 관계 법령 등에 따라 손해배상의 책임을 집니다.
② 회사는 보험금 지급 거절 및 지연지급의 사유가 없음을 알았거나 알 수 있었음에도 불구하고 소를 제
기하여 계약자 또는 피보험자에게 손해를 가한 경우에는 그에 따른 손해를 배상할 책임을 집니다.
③ 회사가 보험금 지급여부 및 지급금액에 관하여 현저하게 공정을 잃은 합의로 계약자 또는 피보험
자에게 손해를 가한 경우에도 회사는 제2항에 따라 손해를 배상할 책임을 집니다.
【현저하게 공정을 잃은 합의】 회사가 계약자 또는 피보험자의 경제적․신체적․정신적인 어려움, 경솔함,
경험 부족 등을 이용하여 동일·유사 사례에 비추어 계약자 또는 피보험자에게 매우 불합리하게 합의를 하
는 것을 의미합니다."
34,190,제37조(개인정보보호),제37조,개인정보보호,"긍정:지급,유지; 부정:제외","피보험자,회사,계약자",지급,"① 회사는 이 계약과 관련된 개인정보를 이 계약의 체결, 유지, 보험금 지급 등을 위하여 「개인정보 // 보호법」,「신용정보의 이용 및 보호에 관한 법률」등 관계 법령에 정한 경우를 제외하고 계약자 // 유지, 보험금 지급 등을 위하여 위 관계 법령에 따라 계약자 및 피보험자의 동의를 받아 다른 보험",제37조,677,682,,"제37조(개인정보보호) ① 회사는 이 계약과 관련된 개인정보를 이 계약의 체결, 유지, 보험금 지급 등을 위","제37조(개인정보보호)
① 회사는 이 계약과 관련된 개인정보를 이 계약의 체결, 유지, 보험금 지급 등을 위하여 「개인정보
보호법」,「신용정보의 이용 및 보호에 관한 법률」등 관계 법령에 정한 경우를 제외하고 계약자
또는 피보험자의 동의없이 수집, 이용, 조회 또는 제공하지 않습니다. 다만, 회사는 이 계약의 체결,
유지, 보험금 지급 등을 위하여 위 관계 법령에 따라 계약자 및 피보험자의 동의를 받아 다른 보험
회사 및 보험관련단체 등에 개인정보를 제공할 수 있습니다.
② 회사는 계약과 관련된 개인정보를 안전하게 관리하여야 합니다."
35,192,제39조(예금보험에 의한 지급보장),제39조,,"긍정:보장,지급,환급","회사,계약자",환급,제39조(예금보험에 의한 지급보장) // 회사가 파산 등으로 인하여 보험금 등을 지급하지 못할 경우에는 예금자보호법에서 정하는 바에 따라 // 그 지급을 보장합니다,제39조,687,702,22,제39조(예금보험에 의한 지급보장) 회사가 파산 등으로 인하여 보험금 등을 지급하지 못할 경우에는 예금자보호,"제39조(예금보험에 의한 지급보장)
회사가 파산 등으로 인하여 보험금 등을 지급하지 못할 경우에는 예금자보호법에서 정하는 바에 따라
그 지급을 보장합니다.
【예금자보호제도】예금보험공사에서 금융기관 등으로부터 미리 보험료를 받아 적립해 두었다가 금융기관이
예금보험공사에서 금융기관 등으로부터 미리 보험료를 받아 적립해 두었다가 금융기관이 경영악화나 파산 등
으로 예금을 지급할 수 없는 경우 해당 금융기관을 대신하여 예금자에게 보험금 또는 환급금을 지급함으로써
예금자를 보호하는 제도를 말합니다. 이 보험계약은 예금자보호법에 따라 해약환급금(또는 만기 시 보험금)에
기타지급금을 합한 금액이 1인당 “1억원까지”(본 보험회사의 여타 보호상품과 합산) 보호됩니다. 이와 별도로
본 보험회사 보호상품의 사고보험금을 합산한 금액이 1인당 “1억원까지” 보호됩니다. 다만, 보험계약자 및 보
험료납부자가 법인인 보험계약의 경우에는 보호되지 않습니다.

[Page 22]
반려견보험 애니펫
특별약관

[Page 23]
수술비용 확대보장 특별약관"
36,193,제1조(보상하는 손해),제1조,,"긍정:보장,보상",회사,갱신,"② 제1항의 수술비용 확대보장에 대한 회사의 보장은 보험개시일로부터 30일 이내(이하""대기기간"")에 //  단, 이 수술비용 확대보장 특별약관을 갱신","제1항,제17조,제1조",704,714,,제1조(보상하는 손해) ① 회사는 보험기간 중에 보험증권에 기재된 반려동물에게 보통약관에서 보상하는 상해 또,"제1조(보상하는 손해)
① 회사는 보험기간 중에 보험증권에 기재된 반려동물에게 보통약관에서 보상하는 상해 또는 질병이
발생하여 그 치료를 직접적인 목적으로 국내에서 수의사에게 수술(이하 '사고'라 합니다)을 받은 경
우 수술 당일 발생한 수술비 및 치료비를 보통약관에서 보상하는 치료비보험금에 추가하여 보상하
여 드립니다.
② 제1항의 수술비용 확대보장에 대한 회사의 보장은 보험개시일로부터 30일 이내(이하""대기기간"")에
발생한 질병(단, 암, 백내장, 녹내장, 심장질환, 신장질환, 방광질환 및 각종결석의 대기기간은 90
일 적용)으로 인한 손해는 보상하여 드리지 않습니다. 단, 이 수술비용 확대보장 특별약관을 갱신
하는 경우에는 적용하지 않습니다.
【수술】 동물병원의 수의사 자격을 가진 자(이하 '수의사'라 합니다)에 의하여 치료가 필요하다고 인정된
상해 또는 질병 치료를 위하여 수의사법 제17조(개설)에서 규정한 국내의 동물병원에서 수의사의 관리 하
에 직접적인 치료를 목적으로 기구를 사용하여 생체에 절개, 절단, 절제 등의 조작을 가하는 것을 말합니"
37,199,제2조(보험금 등의 지급한도),제2조,,"긍정:보장,지급,보상","피보험자,회사",지급,제2조(보험금 등의 지급한도) // ① 회사는 제1조(보상하는 손해)에서 정한 수술비용 확대보장 보험금은 피보험자가 부담한 수술당일치 // 료비에서 보통약관에서 지급한 치료비보험금을 차감 후 보상비율(%)을 곱한 금액이며 보험증권에,"제2조,제1조",721,728,,제2조(보험금 등의 지급한도) ① 회사는 제1조(보상하는 손해)에서 정한 수술비용 확대보장 보험금은 피보험자,"제2조(보험금 등의 지급한도)
① 회사는 제1조(보상하는 손해)에서 정한 수술비용 확대보장 보험금은 피보험자가 부담한 수술당일치
료비에서 보통약관에서 지급한 치료비보험금을 차감 후 보상비율(%)을 곱한 금액이며 보험증권에
정한 1일당 수술비확장 보상한도액을 한도로 아래의 산식에 따라 보상합니다.
【수술비용 확대보장 보험금】 아래 ①과 ② 중 적은 금액
① (피보험자가 부담한 수술당일치료비 – 보통약관에서 지급한 치료비보험금) × 보상비율
② 보험증권에서 정한 1일당 수술비용 확대보장 보상한도액
② 보험기간 중에 발생한 사고로 회사가 지급하는 수술비용 확대보장 보험금의 총 한도는 보험증권에
기재된 총보상횟수를 한도로 합니다."
38,201,제1조(보상하는 손해),제1조,,"긍정:보장,보상",회사,갱신,"② 제1항의 피부병 치료비에 대한 회사의 보장은 보험개시일로부터 30일 이내에 발생한 질병으로 인 //  단, 이 피부병 보장 특별약관을 갱신하는 경우에는 적용하지","제5조,제1항,제4조,제2항,제1조",735,741,,"제1조(보상하는 손해) ① 회사는 보통약관 제5조(보상하지 않는 손해) 제2항 제14호에도 불구하고, 피부병","제1조(보상하는 손해)
① 회사는 보통약관 제5조(보상하지 않는 손해) 제2항 제14호에도 불구하고, 피부병(외이염, 면역성
피부병(아토피, 알러지 포함), 세균감염, 곰팡이감염, 기생충 감염, 호르몬성 피부병, 피부트러블을
포함)을 원인으로 하여 생긴 반려동물의 치료비를 보통약관 제4조(보상하는 손해)에 따라 보상하여
드립니다.
② 제1항의 피부병 치료비에 대한 회사의 보장은 보험개시일로부터 30일 이내에 발생한 질병으로 인
한 손해는 보상하여 드리지 않습니다. 단, 이 피부병 보장 특별약관을 갱신하는 경우에는 적용하지
않습니다."
39,203,제1조(보상하는 손해),제1조,,긍정:보상; 부정:제외,회사,갱신,서 아래에 정한 사항은 제외합니다,"제17조,제5조,제2항,제1조",748,755,,"제1조(보상하는 손해) 회사는 보통약관 제5조(보상하지 않는 손해) 제2항 제13호에도 불구하고 슬개골탈구,","제1조(보상하는 손해)
회사는 보통약관 제5조(보상하지 않는 손해) 제2항 제13호에도 불구하고 슬개골탈구, 십자인대파열, 고
관절탈구(고관절형성부전, 대퇴골두괴사증으로 인한 탈구 포함)를 원인으로 하여 수술을 받은 경우 수술
당일 발생한 수술비 및 치료비를 보상하여 드립니다. 단, 보험개시일로부터 그 날을 포함하여 90일 이내
에 발생한 손해는 보상하여 드리지 않습니다. 이 계약이 갱신계약인 경우에는 적용하지 않습니다.
【수술】 동물병원의 수의사 자격을 가진 자(이하 '수의사'라 합니다)에 의하여 치료가 필요하다고 인정된 상해
또는 질병 치료를 위하여 수의사법 제17조(개설)에서 규정한 국내의 동물병원에서 수의사의 관리 하에 직접적
인 치료를 목적으로 기구를 사용하여 생체에 절개, 절단, 절제 등의 조작을 가하는 것을 말합니다. 단 수술에
서 아래에 정한 사항은 제외합니다."
40,208,제2조(보험금 등의 지급한도),제2조,,"긍정:보장,지급,보상","피보험자,회사",지급,제2조(보험금 등의 지급한도) // ② 보험기간 중에 발생한 사고로 회사가 지급하는 슬관절 수술비용보험금의 총 한도는 보험증권에 기 // 재된 총보장횟수를 한도로 합니다,"제2조,제1조",761,767,,제2조(보험금 등의 지급한도) ① 회사는 제1조(보상하는 손해)에서 정한 슬관절 수술비용보험금은 보험증권에 ,"제2조(보험금 등의 지급한도)
① 회사는 제1조(보상하는 손해)에서 정한 슬관절 수술비용보험금은 보험증권에 기재된 보상비율(%)
을 곱한 금액이며 보험증권에 정한 1일당 보상한도액을 한도로 보상합니다.
② 보험기간 중에 발생한 사고로 회사가 지급하는 슬관절 수술비용보험금의 총 한도는 보험증권에 기
재된 총보장횟수를 한도로 합니다.
【슬관절 수술비용보험금】 아래 ①과 ② 중 적은 금액
① 피보험자가 부담한 수술 당일치료비 × 보상비율
② 보험증권에서 정한 1일당 보상한도액"
41,240,3. 피해자로부터 손해배상책임에 관한 소송을 제기 받았을 경우,,,긍정:보상,"피보험자,회사,계약자",," 피해자로부터 손해배상책임에 관한 소송을 제기 받았을 경우 // ② 계약자 또는 피보험자가 제1항 각호의 통지를 게을리 하여 손해가 증가된 때에는 회사는 그 증가 // 된 손해를 보상하여 드리지 않으며, 제1항 제3호의 통지를 게을리 한 때에는 소송비용과 변호사비","제1조,제1항,제657조",826,830,,3. 피해자로부터 손해배상책임에 관한 소송을 제기 받았을 경우 ② 계약자 또는 피보험자가 제1항 각호의 통지,"3. 피해자로부터 손해배상책임에 관한 소송을 제기 받았을 경우
② 계약자 또는 피보험자가 제1항 각호의 통지를 게을리 하여 손해가 증가된 때에는 회사는 그 증가
된 손해를 보상하여 드리지 않으며, 제1항 제3호의 통지를 게을리 한 때에는 소송비용과 변호사비
용도 보상하여 드리지 않습니다. 다만, 계약자 또는 피보험자가 상법 제657조 제1항에 의해 보험
사고의 발생을 회사에 알린 경우에는 제1조(보상하는 손해) 제1호 및 제2호 ‘다’목 또는 ‘라’목의
비용에 대하여 보상한도액을 한도로 보상하여 드립니다."
42,245,제5조(의무보험과의 관계),제5조,,긍정:보상,"피보험자,회사",,제5조(의무보험과의 관계) // ① 회사는 이 약관에 의하여 보상하여야 하는 금액이 의무보험에서 보상하는 금액을 초과할 때에 한하여 // 그 초과액만을 보상합니다,"제6조,제5조,제1항",841,848,28,제5조(의무보험과의 관계) ① 회사는 이 약관에 의하여 보상하여야 하는 금액이 의무보험에서 보상하는 금액을 ,"제5조(의무보험과의 관계)
① 회사는 이 약관에 의하여 보상하여야 하는 금액이 의무보험에서 보상하는 금액을 초과할 때에 한하여
그 초과액만을 보상합니다. 다만, 의무보험이 다수인 경우에는 제6조(보험금의 분담)를 따릅니다.
② 제1항의 의무보험은 피보험자가 법률에 의하여 의무적으로 가입하여야 하는 보험으로서 공제계약
을 포함합니다.
③ 피보험자가 의무보험에 가입하여야 함에도 불구하고 가입하지 않은 경우에는 그가 가입했더라면
의무보험에서 보상했을 금액을 제1항의 “의무보험에서 보상하는 금액”으로 봅니다.

[Page 28]"
43,246,제6조(보험금의 분담),제6조,,"긍정:보장,지급,보상,청구","피보험자,회사",청구,① 이 계약에서 보장하는 위험과 같은 위험을 보장하는 다른 계약(공제계약을 포함합니다)이 있을 경 // ③ 피보험자가 다른 계약에 대하여 보험금 청구를 포기한 경우에도 회사의 제1항에 의한 지급보험금,"제6조,제1항",850,861,,제6조(보험금의 분담) ① 이 계약에서 보장하는 위험과 같은 위험을 보장하는 다른 계약(공제계약을 포함합니다,"제6조(보험금의 분담)
① 이 계약에서 보장하는 위험과 같은 위험을 보장하는 다른 계약(공제계약을 포함합니다)이 있을 경
우 각 계약에 대하여 다른 계약이 없는 것으로 하여 각각 산출한 보상책임액의 합계액이 손해액을
초과할 때에는 회사는 아래에 따라 손해를 보상합니다. 이 계약과 다른 계약이 모두 의무보험인 경
우에도 같습니다.
손해액 ×
이 계약의 보상책임액
다른 계약이 없는 것으로 하여 각각 계산한 보상책임액의 합계액
② 이 계약이 의무보험이 아니고 다른 의무보험이 있는 경우에는 다른 의무보험에서 보상되는 금액(피
보험자가 가입을 하지 않은 경우에는 보상될 것으로 추정되는 금액)을 차감한 금액을 손해액으로
간주하여 제1항에 의한 보상할 금액을 결정합니다.
③ 피보험자가 다른 계약에 대하여 보험금 청구를 포기한 경우에도 회사의 제1항에 의한 지급보험금
결정에는 영향을 미치지 않습니다."
44,254,제8조(손해배상청구에 대한 회사의 해결),제8조,,"긍정:지급,보상,청구","피보험자,회사,계약자",청구,"제8조(손해배상청구에 대한 회사의 해결) // 가 피보험자에게 지급책임을 지는 금액한도 내에서 회사에 대하여 보험금의 지급을 직접 청구할 // ② 회사가 제1항의 청구를 받았을 때에는 지체없이 피보험자에게 통지하여야 하며, 회사의 요구가 있","제3항,제1항,제2항,제8조",877,889,29,제8조(손해배상청구에 대한 회사의 해결) ① 피보험자가 피해자에게 손해배상책임을 지는 사고가 생긴 때에는 피,"제8조(손해배상청구에 대한 회사의 해결)
① 피보험자가 피해자에게 손해배상책임을 지는 사고가 생긴 때에는 피해자는 이 약관에 의하여 회사
가 피보험자에게 지급책임을 지는 금액한도 내에서 회사에 대하여 보험금의 지급을 직접 청구할
수 있습니다. 그러나 회사는 피보험자가 그 사고에 관하여 가지는 항변으로써 피해자에게 대항할
수 있습니다.
② 회사가 제1항의 청구를 받았을 때에는 지체없이 피보험자에게 통지하여야 하며, 회사의 요구가 있
으면 계약자 및 피보험자는 필요한 서류증거의 제출, 증언 또는 증인출석에 협조하여야 합니다.
③ 피보험자가 피해자로부터 손해배상의 청구를 받았을 경우에 회사가 필요하다고 인정할 때에는 피
보험자를 대신하여 회사의 비용으로 이를 해결할 수 있습니다. 이 경우에 회사의 요구가 있으면 계
약자 또는 피보험자는 이에 협력하여야 합니다.

[Page 29]
④ 계약자 및 피보험자가 정당한 이유 없이 제2항, 제3항의 요구에 협조하지 않았을 때에는 회사는 그
로 인하여 늘어난 손해는 보상하지 않습니다."
45,255,제9조(합의․절충․중재․소송의 협조․대행 등),제9조,,"긍정:지급,보상; 부정:제한","피보험자,회사",지급,【보상책임을 지는 한도】 동일한 사고로 이미 지급한 보험금이나 가지급보험금이 있는 경우에는 그 금액,"제9조,제1항",891,900,,제9조(합의․절충․중재․소송의 협조․대행 등) ① 회사는 피보험자의 법률상 손해배상책임을 확정하기 위하여 피,"제9조(합의․절충․중재․소송의 협조․대행 등)
① 회사는 피보험자의 법률상 손해배상책임을 확정하기 위하여 피보험자가 피해자와 행하는 합의·절
충·중재 또는 소송(확인의 소를 포함합니다)에 대하여 협조하거나, 피보험자를 위하여 이러한 절차
를 대행할 수 있습니다.
② 회사는 피보험자에 대하여 보상책임을 지는 한도 내에서 제1항의 절차에 협조하거나 대행합니다.
【보상책임을 지는 한도】 동일한 사고로 이미 지급한 보험금이나 가지급보험금이 있는 경우에는 그 금액
을 공제한 액수를 말합니다.
③ 회사가 제1항의 절차에 협조하거나 대행하는 경우에는 피보험자는 회사의 요청에 따라 협력해야
하며, 피보험자가 정당한 이유없이 협력하지 않을 경우에는 그로 말미암아 늘어난 손해에 대해서
보상하지 않습니다.
④ 회사는 다음의 경우에는 제1항의 절차를 대행하지 않습니다."
46,260,2. 피보험자가 손해배상을 함으로써 대위 취득하는 것이 있을 경우에는 그 대위권,,,,"피보험자,회사,계약자",대위," 피보험자가 손해배상을 함으로써 대위 취득하는 것이 있을 경우에는 그 대위권 // ② 계약자 또는 피보험자는 제1항에 의하여 회사가 취득한 권리를 행사하거나 지키는 것에 관하여 조 // 치를 하여야 하며, 또한 회사가 요구하는 증거 및 서류를 제출하여야 합니다","제1항,제2항",914,922,30,2. 피보험자가 손해배상을 함으로써 대위 취득하는 것이 있을 경우에는 그 대위권 ② 계약자 또는 피보험자는 ,"2. 피보험자가 손해배상을 함으로써 대위 취득하는 것이 있을 경우에는 그 대위권
② 계약자 또는 피보험자는 제1항에 의하여 회사가 취득한 권리를 행사하거나 지키는 것에 관하여 조
치를 하여야 하며, 또한 회사가 요구하는 증거 및 서류를 제출하여야 합니다.
③ 회사는 제1항, 제2항에도 불구하고 타인을 위한 보험계약의 경우에는 계약자에 대한 대위권을 포
기합니다.
④ 회사는 제1항에 따른 권리가 계약자 또는 피보험자와 생계를 같이 하는 가족에 대한 것인 경우에
는 그 권리를 취득하지 못합니다. 다만, 손해가 그 가족의 고의로 인하여 발생한 경우에는 그 권리
를 취득합니다.

[Page 30]"
47,261,제11조(타인을 위한 계약),제11조,,"긍정:지급,청구","보험사,회사,계약자",청구,① 계약자는 타인을 위한 계약을 체결하는 경우에 그 타인의 위임이 없는 때에는 반드시 이를 회사에 // 손해를 배상한 때에는 계약자는 그 타인의 권리를 해하지 않는 범위 안에서 회사에 보험금의 지급 // 을 청구할 수 있습니다,제11조,924,929,,제11조(타인을 위한 계약) ① 계약자는 타인을 위한 계약을 체결하는 경우에 그 타인의 위임이 없는 때에는 ,"제11조(타인을 위한 계약)
① 계약자는 타인을 위한 계약을 체결하는 경우에 그 타인의 위임이 없는 때에는 반드시 이를 회사에
알려야 하며, 이를 알리지 않았을 때에는 그 타인은 이 계약이 체결된 사실을 알지 못하였다는 사
유로 회사에 이의를 제기할 수 없습니다.
② 타인을 위한 계약에서 보험사고가 발생한 경우에 계약자가 그 타인에게 보험사고의 발생으로 생긴
손해를 배상한 때에는 계약자는 그 타인의 권리를 해하지 않는 범위 안에서 회사에 보험금의 지급
을 청구할 수 있습니다."
48,282,제1조(보험료의 납입),제1조,,"긍정:환급,변경",계약자,환급,② 계약자는 이 보험의 보험료 및 해약환급금 산출방법서에서 정한 방법에 의하여 계산된 분납보험료,"제2항,제1조,제13조",978,998,,제1조(보험료의 납입) ① 이 특별약관에 따라 계약자는 보험기간이 1년인 보험 계약에 대하여 보험료를 제2항,"제1조(보험료의 납입)
① 이 특별약관에 따라 계약자는 보험기간이 1년인 보험 계약에 대하여 보험료를 제2항에 정한 바에
따라 나누어 납입할 수 있습니다.
② 계약자는 이 보험의 보험료 및 해약환급금 산출방법서에서 정한 방법에 의하여 계산된 분납보험료
를 해당 보험기간 및 분할회수에 따라 아래에 정한 시기까지 납입하여야 합니다.
보험
기간
제2회 이후 분납보험료 납입시기
분할회수 제2회 이후 분납보험료
1년
2회
제1회 분납보험료를 납입한 날로부터 6개월 경과시점의 보험증권에 기재된 납입기
일 안에 분납보험료를 납입
4회
제1회 분납보험료를 납입한 날로부터 3개월 마다 보험증권에 기재된 납입기일 안에
분납보험료를 납입
12회
제1회 분납보험료를 납입한 날로부터 매1개월 마다 보험증권에 기재된 납입기일 안
에 분납보험료를 납입
③ 보험기간동안 이 보험의 보험요율이 변경된 경우라도 이 특별약관에 따라 납입하는 분납보험료는
변경 적용하지 않습니다. 다만, 보통약관 제13조(계약 후 알릴 의무)에 따라 보험료가 변경된 경우
에는 예외로 합니다."
49,288,제1조(보험료의 납입),제1조,,"긍정:보장,성립; 부정:거절","피보험자,회사,계약자",,"보통약관의 제15조(보험계약의 성립)과 제21조(제1회 보험료 등 및 회사의 보장개시)의 규정을 적 // ② 제1항의 경우에 회사는 청약서를 접수한 날로부터 30일 이내에 승낙 또는 거절하여야 하며, 승낙","제1항,제21조,제15조,제1조",1018,1025,,제1조(보험료의 납입) ① 계약자 또는 피보험자는 제1회 보험료의 납입방법을 거래은행 지정계좌를 통한 자동납,"제1조(보험료의 납입)
① 계약자 또는 피보험자는 제1회 보험료의 납입방법을 거래은행 지정계좌를 통한 자동납입으로 가입
하고자 하는 경우에, 회사는 청약서를 접수하고 자동이체신청에 필요한 정보를 제공한 때(다만, 계
약자 또는 피보험자의 책임있는 사유로 보험료의 납입이 불가능한 경우에는 거래은행의 지정계좌
로부터 제1회 보험료가 이체된 날을 기준으로 합니다)를 청약일 및 제1회 보험료 납입일로 하여
보통약관의 제15조(보험계약의 성립)과 제21조(제1회 보험료 등 및 회사의 보장개시)의 규정을 적
용합니다.
② 제1항의 경우에 회사는 청약서를 접수한 날로부터 30일 이내에 승낙 또는 거절하여야 하며, 승낙
한 때에는 지정계좌에서 제1회 보험료를 받고 보험증권을 교부합니다."
50,297,제2조(상법 제735조3의 적용),제2조,,,"피보험자,보험수익자,회사,계약자",,"제2조(상법 제735조3의 적용) // ① 제1조의 단체가 피보험자를 확정할 수 있고 계약의 일괄적 관리가 가능하며, 규약에 따라 계약을 // 체결하는 경우 피보험자의 서면에 의한 동의를 얻지 않아도 되며, 계약자에게만 보험증권을 드릴","제1항,제735조,제2조,제2항,제1조",1054,1062,,제2조(상법 제735조3의 적용) ① 제1조의 단체가 피보험자를 확정할 수 있고 계약의 일괄적 관리가 가능하,"제2조(상법 제735조3의 적용)
① 제1조의 단체가 피보험자를 확정할 수 있고 계약의 일괄적 관리가 가능하며, 규약에 따라 계약을
체결하는 경우 피보험자의 서면에 의한 동의를 얻지 않아도 되며, 계약자에게만 보험증권을 드릴
수 있습니다.
② 제1항의 규약은 보험의 종류 및 일괄 가입에 관한 사항이 포함되어야 하며, 동의 또는 협의를 통하
여 피보험자들의 의사가 규약에 반영될 수 있어야 합니다. 다만, 보험수익자를 계약자 등 피보험자
의 이해에 반하는 자로 지정하는 경우에는 해당 내용이 규약에 반영되어야 하며, 반영되지 않은 경
우에는 별도 피보험자의 동의를 받아야 합니다.
③ 회사는 계약자를 통해 단체의 규약이 제2항을 충족하고 있는 지 확인을 해야 하며, 계약자는 이에
협조하여야 합니다."
51,299,제4조(보험의 목적의 증가 감소 또는 교체),제4조,,"긍정:보장,보상,환급; 부정:해지","피보험자,회사,계약자",해지,② 이 계약기간 중 보험의 목적 감소의 경우는 당해 보험의 목적의 계약은 해지된 것으로 하며 새로이 // 생되는 추가 또는 환급보험료는 일단위로 계산하여 받거나 돌려 드립니다 // ④ 제1항에 따라 보험의 목적이 교체되는 경우에는 보험의 목적 교체전 계약과 동일한 보장조건 및,"제1항,제2항,제4조",1071,1080,,"제4조(보험의 목적의 증가 감소 또는 교체) ① 계약을 맺은 후 보험의 목적을 증가, 감소 또는 교체코자 하","제4조(보험의 목적의 증가 감소 또는 교체)
① 계약을 맺은 후 보험의 목적을 증가, 감소 또는 교체코자 하는 경우에는 계약자 또는 피보험자는
지체없이 서면으로 그 사실을 회사에 알리고 회사의 승인을 받아야 합니다.
② 이 계약기간 중 보험의 목적 감소의 경우는 당해 보험의 목적의 계약은 해지된 것으로 하며 새로이
증가 또는 교체되는 보험의 목적의 보험기간은 이 계약의 남은 보험기간으로 하고, 이로 인하여 발
생되는 추가 또는 환급보험료는 일단위로 계산하여 받거나 돌려 드립니다.
③ 회사는 제1항 및 제2항을 위반하였을 경우에 새로이 증가 또는 교체되는 해당 보험의 목적에 대하
여는 보상하여 드리지 않습니다.
④ 제1항에 따라 보험의 목적이 교체되는 경우에는 보험의 목적 교체전 계약과 동일한 보장조건 및
인수기준에 따라 가입될 수 있으며, 보험의 목적 교체시점부터 잔여 보험기간(보험의 목적 교체전
계약의 보험기간 만료일)까지 보상하여 드립니다."
52,300,제5조(개별계약으로의 전환),제5조,,긍정:환급,"피보험자,회사,계약자",환급,"하고, 이로 인하여 발생하는 추가 또는 환급되는 보험료는 보험료 및 해약환급금 산출방법서에서","제1항,제5조",1082,1087,,제5조(개별계약으로의 전환) ① 피보험자가 퇴직 등의 사유로 인하여 피보험단체에서 탈퇴하는 경우 피보험자가 ,"제5조(개별계약으로의 전환)
① 피보험자가 퇴직 등의 사유로 인하여 피보험단체에서 탈퇴하는 경우 피보험자가 보험료의 일부를
부담한 경우에 한하여 탈퇴일로부터 1개월 이내에 계약자 또는 피보험자는 회사의 승낙을 얻어 개
별계약으로 전환할 수 있으며, 이 경우 피보험자는 개별계약의 계약자가 됩니다.
② 제1항에 따라 개별계약으로 전환시에는 전환후 피보험자의 보험기간은 이 계약의 남은 기간으로
하고, 이로 인하여 발생하는 추가 또는 환급되는 보험료는 보험료 및 해약환급금 산출방법서에서
정한 바에 따라 일단위로 계산하여 받거나 돌려 드립니다."
53,316,제4조(보험료의 정산),제4조,,,"피보험자,회사,계약자",,제4조(보험료의 정산) // ① 계약자는 정산기간 종료 후 5일 이내에 정산기간 종료 시점의 피보험자 수를 회사에 통지해야 합 // ② 회사는 제1항의 통지를 받은 때로부터 5일 이내에 정산기간에 해당하는 확정보험료를 산출하여 계,"제1항,제2항,제4조",1148,1155,,제4조(보험료의 정산) ① 계약자는 정산기간 종료 후 5일 이내에 정산기간 종료 시점의 피보험자 수를 회사에,"제4조(보험료의 정산)
① 계약자는 정산기간 종료 후 5일 이내에 정산기간 종료 시점의 피보험자 수를 회사에 통지해야 합
니다.
② 회사는 제1항의 통지를 받은 때로부터 5일 이내에 정산기간에 해당하는 확정보험료를 산출하여 계
약자에게 통지하여야 합니다.
③ 확정보험료가 예치보험료보다 작은 경우에 회사는 그 차액을 제2항의 통지일로부터 5일 이내에 계
약자에게 돌려 드리며, 반대의 경우에는 계약자는 그 차액을 제2항의 통지를 받은 날로부터 5일
이내에 회사에 납입하여야 합니다.
④ 제1항 내지 제2항의 통지는 서면(전자적 수단을 포함합니다)으로 이루어져야 합니다."
54,322,"제4조(피보험자의 증가, 감소 또는 교체)",제4조,,"긍정:보장,보상,환급; 부정:해지","피보험자,회사,계약자",해지,"② 이 계약기간 중 피보험자 감소의 경우는 당해 피보험자의 계약은 해지된 것으로 하며, 새로이 증가 // 추가 또는 환급보험료는 일단위로 계산하여 받거나 돌려드립니다 // ④ 제1항에 따라 피보험자가 교체되는 경우에는 피보험자 교체 전 계약과 동일한 보장조건 및 인수기","제1항,제2항,제4조",1180,1189,,"제4조(피보험자의 증가, 감소 또는 교체) ① 단체계약을 맺은 후 피보험자를 증가, 감소 또는 교체코자 하는","제4조(피보험자의 증가, 감소 또는 교체)
① 단체계약을 맺은 후 피보험자를 증가, 감소 또는 교체코자 하는 경우에는 계약자 또는 피보험자는
지체없이 서면으로 그 사실을 회사에 알리고 회사의 승인을 받아야 합니다.
② 이 계약기간 중 피보험자 감소의 경우는 당해 피보험자의 계약은 해지된 것으로 하며, 새로이 증가
또는 교체되는 피보험자의 보험기간은 이 계약의 남은 보험기간으로 하고, 이로 인하여 발생되는
추가 또는 환급보험료는 일단위로 계산하여 받거나 돌려드립니다.
③ 회사는 제1항 및 제2항을 위반하였을 경우에 새로이 증가 또는 교체되는 해당피보험자에 대하여는
보상하여 드리지 않습니다.
④ 제1항에 따라 피보험자가 교체되는 경우에는 피보험자 교체 전 계약과 동일한 보장조건 및 인수기
준에 따라 가입될 수 있으며, 피보험자 교체시점부터 잔여 보험기간(피보험자 교체 전 계약의 보험
기간 만료일)까지 보상하여 드립니다."
55,327,제3조(피보험자의 통지),제3조,,긍정:보장,"피보험자,회사,계약자",,② 회사의 보장은 제1항의 통지가 회사에 접수되는 시점으로 하며 우편통지 시 그 통지가 지연된 경 // 우에는 우체국 소인이 찍힌 날로부터 3일이 지나면 회사에 접수된 것으로 봅니다,"제1항,제3조",1207,1214,,제3조(피보험자의 통지) ① 계약자는 피보험자의 증감이 있을 경우 아래 [양식1]에 정한 양식으로 회사에 서,"제3조(피보험자의 통지)
① 계약자는 피보험자의 증감이 있을 경우 아래 [양식1]에 정한 양식으로 회사에 서면(팩시밀리를 포
함합니다)통지하여야 합니다.
② 회사의 보장은 제1항의 통지가 회사에 접수되는 시점으로 하며 우편통지 시 그 통지가 지연된 경
우에는 우체국 소인이 찍힌 날로부터 3일이 지나면 회사에 접수된 것으로 봅니다.
③ 제1항에도 불구하고 계약자가 자기의 재화, 용역 및 서비스를 판매한 날짜 및 시간이 입력된 M/T
등 전산자료를 회사에 제공할 수 있을 경우에는 다음 어느 하나의 기간단위로 피보험자 증감내역
을 통보합니다.
- 매주 □, 매월 □, 기타 □ ( )"
56,332,제6조(보험료의 정산방법),제6조,,긍정:보상; 부정:해지,"피보험자,회사,계약자",해지,① 계약자는 계약이 효력상실 또는 해지된 경우에는 효력상실 또는 해지일까지의 보험료를 확정하기 // 위하여 필요한 서류를 효력상실 또는 해지 즉시 회사에 제출해야 합니다 // 매 정산기간 종료 후 7일 이내에 제5조(예치보험료)의 예치보험료와의 차액을 받거나 돌려드립니다,"제6조,제5조,제3조",1225,1234,43,제6조(보험료의 정산방법) ① 계약자는 계약이 효력상실 또는 해지된 경우에는 효력상실 또는 해지일까지의 보험,"제6조(보험료의 정산방법)
① 계약자는 계약이 효력상실 또는 해지된 경우에는 효력상실 또는 해지일까지의 보험료를 확정하기
위하여 필요한 서류를 효력상실 또는 해지 즉시 회사에 제출해야 합니다.
② 회사는 보험기간 중이나 보험기간 만료 후 보험료를 산출하기 위하여 필요하다고 인정될 경우에는
계약자의 서류를 열람할 수 있습니다.

[Page 43]
③ 회사는 제3조(피보험자의 통지)에 의해 통지된 내용에 따라 정산기간 동안의 실제보험료를 산출한 후
매 정산기간 종료 후 7일 이내에 제5조(예치보험료)의 예치보험료와의 차액을 받거나 돌려드립니다.
④ 회사는 보험료가 정산되기 이전일지라도 새로이 증가 또는 교체된 피보험자에 대해 생긴 손해를
보상하여 드립니다. 다만, 제3조(피보험자의 통지)의 피보험자 통지가 이루어진 경우에 한합니다."
57,338,2. 모든 피보험자 또는 모든 보험수익자가 「소득세법 시행령 제107조(장애인의 범위) 제 1항」에,,1항,부정:해지,"피보험자,보험수익자,계약자",해지,② 전환대상계약이 해지 또는 기타 사유로 효력이 없게 된 경우 또는 전환대상계약이 제1항에서 정한,"제107조,제2조,제1항",1260,1265,,2. 모든 피보험자 또는 모든 보험수익자가 「소득세법 시행령 제107조(장애인의 범위) 제 1항」에 서 규정,"2. 모든 피보험자 또는 모든 보험수익자가 「소득세법 시행령 제107조(장애인의 범위) 제 1항」에
서 규정한 장애인인 보험
② 전환대상계약이 해지 또는 기타 사유로 효력이 없게 된 경우 또는 전환대상계약이 제1항에서 정한
조건을 만족하지 않게 된 경우 이 특약은 그 때부터 효력이 없습니다.
③ 제2조 제1항에 따라 제출된 장애인증명서상 장애예상기간(또는 장애기간)이 종료된 경우에는 제3
조 제1항에도 불구하고 이 특약은 그때부터 효력이 없습니다.
④ 이 특약의 계약자는 전환대상계약의 계약자와 동일하여야 합니다."
58,339,제2조(제출서류),제2조,,긍정:변경,"피보험자,보험수익자,회사,계약자",변경,"① 이 특약에 가입하고자 하는 계약자는 모든 피보험자 또는 모든 보험수익자의 「소득세법 시행규칙 // 별지 제38호 서식에 의한 장애인증명서의 원본 또는 사본」(이하, “장애인증명서”라 합니다)을 제 // 출하여 제1조(특약의 적용범위) 제1항 제2호에서 정한 조건에 해당함을 회사에 알려야 합니다","제2조,제1항,제1조",1267,1277,,제2조(제출서류) ① 이 특약에 가입하고자 하는 계약자는 모든 피보험자 또는 모든 보험수익자의 「소득세법 시,"제2조(제출서류)
① 이 특약에 가입하고자 하는 계약자는 모든 피보험자 또는 모든 보험수익자의 「소득세법 시행규칙
별지 제38호 서식에 의한 장애인증명서의 원본 또는 사본」(이하, “장애인증명서”라 합니다)을 제
출하여 제1조(특약의 적용범위) 제1항 제2호에서 정한 조건에 해당함을 회사에 알려야 합니다.
② 제1항에도 불구하고 「국가유공자 등 예우 및 지원에 관한 법률」에 따른 상이자의 증명을 받은
사람 또는 「장애인복지법」에 따른 장애인등록증을 발급받은 사람에 대해서는 해당 증명서·장애
인등록증의 사본이나 그 밖의 장애 사실을 증명하는 서류를 제출하는 경우에는 제 1항의 장애인증
명서는 제출하지 않을 수 있습니다.
③ 장애인으로서 그 장애기간이 기재된 장애인증명서를 제1항 따라 회사에 제출한 때에는 그 장애기
간 동안은 이를 다시 제출하지 않을 수 있습니다.
④ 제1항에 따라 제출한 장애인증명서의 장애기간이 변경되는 경우 계약자는 이를 회사에 알리고 변
경된 장애기간이 기재된 장애인증명서를 제출하여야 합니다."
59,340,제3조(장애인전용보험으로의 전환),제3조,,긍정:보장; 부정:취소,회사,제출,"보험료 납입영수증에 장애인전용 보장성보험료로 표시됩니다 // ③ 제2항에도 불구하고,「 전환대상계약이 장애인전용보험으로 전환된 당해년도에 제4조(전환 취소)에 // 따라 전환을 취소하는 경우」에는 당해년도에 납입한 모든 전환대상계약보험료가 보험료 납입영수","제3조,제1항,제4조,제2조,제2항,제1조,제59조",1279,1292,45,제3조(장애인전용보험으로의 전환) ① 회사는 이 특약이 부가된 전환대상계약을 「소득세법 제59조의4(특별세액,"제3조(장애인전용보험으로의 전환)
① 회사는 이 특약이 부가된 전환대상계약을 「소득세법 제59조의4(특별세액공제) 제1항 제1호」에
해당하는 장애인전용보험으로 전환하여 드립니다.
② 제1항에 따라 전환대상계약이 장애인전용보험으로 전환된 후부터 납입된 전환대상계약 보험료는
보험료 납입영수증에 장애인전용 보장성보험료로 표시됩니다.
③ 제2항에도 불구하고,「 전환대상계약이 장애인전용보험으로 전환된 당해년도에 제4조(전환 취소)에
따라 전환을 취소하는 경우」에는 당해년도에 납입한 모든 전환대상계약보험료가 보험료 납입영수
증에 장애인전용 보장성보험료로 표시되지 않습니다. 다만, 제2조(제출서류)제1항에 따라 제출된

[Page 45]
장애인증명서상 장애예상기간(또는 장애기간)이 종료됨에 따라 제1조(특약의 적용범위) 제1항 제2
호에서 정한 조건을 만족하지 않게 된 경우에는 이 조항이 적용되지 않습니다.
④ 전환대상계약에 이 특약이 부가된 이후 제4조(전환 취소)에 따라 전환을 취소한 경우 또는 전환대
상계약이 제1조(특약의 적용범위)제1항 제2호에서 정한 조건을 만족하지 않아 이 특약의 효력이
없어진 경우 해당 전환대상계약에는 이 특약을 다시 부가할 수 없습니다. 다만, 제2조(제출서류)"
60,353,3. 코로나바이러스 감염증,,,긍정:보상,,,② 반려동물이 제1항의 사고로 치료를 받던 중에 보험개시일로부터 30일이 지난 경우에도 보험개시일,제1항,1330,1337,,3. 코로나바이러스 감염증 【펫샵】 동물보호법 시행규칙에 따라 동물을 분양하는 영업활동을 할 수 있는 영업자,"3. 코로나바이러스 감염증
【펫샵】 동물보호법 시행규칙에 따라 동물을 분양하는 영업활동을 할 수 있는 영업자를 말합니다.
【분양】 펫샵에 유상의 재화를 제공하고 반려동물을 입양하는 행위를 말합니다.
② 반려동물이 제1항의 사고로 치료를 받던 중에 보험개시일로부터 30일이 지난 경우에도 보험개시일
부터 120일 이내의 치료비는 보상하여 드립니다.
【파보바이러스 감염증】 파보바이러스에 감염되어 구토와 설사 등의 증상을 일으킴
【디스템퍼바이러스 감염증】 디스템퍼바이러스에 감염되어 호흡기 질환과 신경증상을 일으킴
【코로나바이러스 감염증】 코로나바이러스성 장염으로 불리며, 소화계통의 바이러스 감염으로 인해 구토,
설사 등의 증상을 일으킴"
61,354,제2조(준용규정),제2조,,긍정:변경,,변경,이 특별약관에 정하지 않은 사항은 보통약관을 따릅니다 // 약관에서 인용된 법∙규정 // ※ 약관에서 인용한 법∙규정은 2024년 11월 기준으로 작성되었습니다,제2조,1339,1355,48,제2조(준용규정) 이 특별약관에 정하지 않은 사항은 보통약관을 따릅니다.  [Page 48] 약관에서 인용된,"제2조(준용규정)
이 특별약관에 정하지 않은 사항은 보통약관을 따릅니다.

[Page 48]
약관에서 인용된 법∙규정
※ 약관에서 인용한 법∙규정은 2024년 11월 기준으로 작성되었습니다.
※ 관련 법령 등이 변경되는 경우 변경된 기준을 따릅니다.
[법규1] 상법
[법규2] 전자서명법
[법규3] 관공서의 공휴일에 관한 규정
[법규4] 금융소비자보호에 관한 법률
[법규5] 금융소비자보호에 관한 법률 시행령
[법규6] 금융소비자 보호에 관한 감독규정
[법규7] 개인정보 보호법
[법규8] 신용정보의 이용 및 보호에 관한 법률

[Page 49]
[법규1] 상법"
62,360,제682조(제3자에 대한 보험대위),제682조,,"긍정:지급,보상","피보험자,계약자",지급,① 손해가 제3자의 행위로 인하여 발생한 경우에 보험금을 지급한 보험자는 그 지급한 금액의 한도에서 // 부를 지급한 경우에는 피보험자의 권리를 침해하지 아니하는 범위에서 그 권리를 행사할 수 있다,"제1항,제682조",1376,1385,50,제682조(제3자에 대한 보험대위) ① 손해가 제3자의 행위로 인하여 발생한 경우에 보험금을 지급한 보험자는,"제682조(제3자에 대한 보험대위)
① 손해가 제3자의 행위로 인하여 발생한 경우에 보험금을 지급한 보험자는 그 지급한 금액의 한도에서
그 제3자에 대한 보험계약자 또는 피보험자의 권리를 취득한다. 다만, 보험자가 보상할 보험금의 일
부를 지급한 경우에는 피보험자의 권리를 침해하지 아니하는 범위에서 그 권리를 행사할 수 있다.
② 보험계약자나 피보험자의 제1항에 따른 권리가 그와 생계를 같이 하는 가족에 대한 것인 경우 보
험자는 그 권리를 취득하지 못한다. 다만, 손해가 그 가족의 고의로 인하여 발생한 경우에는 그러
하지 아니하다.
[전문개정 2014. 3. 11.]

[Page 50]
[법규2] 전자서명법"
63,381,3. 제2조제2호ㆍ제4호ㆍ제6호ㆍ제7호ㆍ제9호 또는 제10호의 공휴일이 토요일ㆍ일요일이 아닌 날,제2조,제2조제2호,,,, 제2조제2호ㆍ제4호ㆍ제6호ㆍ제7호ㆍ제9호 또는 제10호의 공휴일이 토요일ㆍ일요일이 아닌 날 // 에 같은 조 제2호부터 제10호까지의 규정에 따른 다른 공휴일과 겹치는 경우 // ② 제1항에 따른 대체공휴일이 같은 날에 겹치는 경우에는 그 대체공휴일 다음의 첫 번째 비공휴일까,"제2조,제1항,제2항",1420,1427,52,3. 제2조제2호ㆍ제4호ㆍ제6호ㆍ제7호ㆍ제9호 또는 제10호의 공휴일이 토요일ㆍ일요일이 아닌 날 에 같은 조,"3. 제2조제2호ㆍ제4호ㆍ제6호ㆍ제7호ㆍ제9호 또는 제10호의 공휴일이 토요일ㆍ일요일이 아닌 날
에 같은 조 제2호부터 제10호까지의 규정에 따른 다른 공휴일과 겹치는 경우
② 제1항에 따른 대체공휴일이 같은 날에 겹치는 경우에는 그 대체공휴일 다음의 첫 번째 비공휴일까
지 대체공휴일로 한다.
③ 제1항 및 제2항에 따른 대체공휴일이 토요일인 경우에는 그 다음의 첫 번째 비공휴일을 대체공휴
일로 한다.

[Page 52]
[법규4] 금융소비자보호에 관한 법률"
64,384,9. “전문금융소비자”란 금융상품에 관한 전문성 또는 소유자산규모 등에 비추어 금융상품 계약에,,,부정:제외,,,로 통지하는 경우 금융상품판매업자등은 정당한 사유가 있는 경우를 제외하고는 이에 동의하여,,1435,1439,,9. “전문금융소비자”란 금융상품에 관한 전문성 또는 소유자산규모 등에 비추어 금융상품 계약에 따른 위험감수,"9. “전문금융소비자”란 금융상품에 관한 전문성 또는 소유자산규모 등에 비추어 금융상품 계약에
따른 위험감수능력이 있는 금융소비자로서 다음 각 목의 어느 하나에 해당하는 자를 말한다. 다
만, 전문금융소비자 중 대통령령으로 정하는 자가 일반금융소비자와 같은 대우를 받겠다는 의사
를 금융상품판매업자 또는 금융상품자문업자(이하 “금융상품판매업자등”이라 한다)에게 서면으
로 통지하는 경우 금융상품판매업자등은 정당한 사유가 있는 경우를 제외하고는 이에 동의하여
야 하며, 금융상품판매업자등이 동의한 경우에는 해당 금융소비자는 일반금융소비자로 본다."
65,402,4. 그 밖에 금융소비자 보호를 위하여 대통령령으로 정하는 사항,,보호,,,," 그 밖에 금융소비자 보호를 위하여 대통령령으로 정하는 사항 // ② 금융상품판매업자등은 제1항에 따른 설명에 필요한 설명서를 일반금융소비자에게 제공하여야 하며, // 설명한 내용을 일반금융소비자가 이해하였음을 서명, 기명날인, 녹취 또는 그 밖에 대통령령으로","제1항,제2항",1474,1482,,4. 그 밖에 금융소비자 보호를 위하여 대통령령으로 정하는 사항 ② 금융상품판매업자등은 제1항에 따른 설명에,"4. 그 밖에 금융소비자 보호를 위하여 대통령령으로 정하는 사항
② 금융상품판매업자등은 제1항에 따른 설명에 필요한 설명서를 일반금융소비자에게 제공하여야 하며,
설명한 내용을 일반금융소비자가 이해하였음을 서명, 기명날인, 녹취 또는 그 밖에 대통령령으로
정하는 방법으로 확인을 받아야 한다. 다만, 금융소비자 보호 및 건전한 거래질서를 해칠 우려가
없는 경우로서 대통령령으로 정하는 경우에는 설명서를 제공하지 아니할 수 있다.
③ 금융상품판매업자등은 제1항에 따른 설명을 할 때 일반금융소비자의 합리적인 판단 또는 금융상품의
가치에 중대한 영향을 미칠 수 있는 사항으로서 대통령령으로 정하는 사항을 거짓으로 또는 왜곡(불
확실한 사항에 대하여 단정적 판단을 제공하거나 확실하다고 오인하게 할 소지가 있는 내용을 알리
는 행위를 말한다)하여 설명하거나 대통령령으로 정하는 중요한 사항을 빠뜨려서는 아니 된다.
④ 제2항에 따른 설명서의 내용 및 제공 방법ㆍ절차에 관한 세부내용은 대통령령으로 정한다."
66,414,3. 대출성 상품: (생략),,,"긍정:보장,지급,청구; 부정:무효",,청구,"따른 손해배상 또는 위약금 등 금전의 지급을 청구할 수 없다 // ⑤ 보장성 상품의 경우 청약이 철회된 당시 이미 보험금의 지급사유가 발생한 경우에는 청약 철회의 //  다만, 일반금융소비자가 보험금의 지급사유가 발생했음을 알면서 청약","제5항,제1항,제3항",1513,1520,,3. 대출성 상품: (생략) ④ 제1항에 따라 청약이 철회된 경우 금융상품판매업자등은 일반금융소비자에 대하여,"3. 대출성 상품: (생략)
④ 제1항에 따라 청약이 철회된 경우 금융상품판매업자등은 일반금융소비자에 대하여 청약의 철회에
따른 손해배상 또는 위약금 등 금전의 지급을 청구할 수 없다.
⑤ 보장성 상품의 경우 청약이 철회된 당시 이미 보험금의 지급사유가 발생한 경우에는 청약 철회의
효력은 발생하지 아니한다. 다만, 일반금융소비자가 보험금의 지급사유가 발생했음을 알면서 청약
을 철회한 경우에는 그러하지 아니하다.
⑥ 제1항부터 제5항까지의 규정에 반하는 특약으로서 일반금융소비자에게 불리한 것은 무효로 한다.
⑦ 제1항부터 제3항까지의 규정에 따른 청약 철회권의 행사 및 그에 따른 효과 등에 관하여 필요한
사항은 대통령령으로 정한다."
67,415,제47조(위법계약의 해지),제47조,,"부정:해지,거절",,해지,"제47조(위법계약의 해지) // 대통령령으로 정하는 기간 내에 서면등으로 해당 계약의 해지를 요구할 수 있다 // 판매업자등은 해지를 요구받은 날부터 10일 이내에 금융소비자에게 수락여부를 통지하여야 하며,","제18조,제3항,제21조,제47조,제17조,제1항,제2항,제20조,제19조",1522,1535,55,"제47조(위법계약의 해지) ① 금융소비자는 금융상품판매업자등이 제17조제3항, 제18조제2항, 제19조제1항","제47조(위법계약의 해지)
① 금융소비자는 금융상품판매업자등이 제17조제3항, 제18조제2항, 제19조제1항ㆍ제3항, 제20조제1
항 또는 제21조를 위반하여 대통령령으로 정하는 금융상품에 관한 계약을 체결한 경우 5년 이내의
대통령령으로 정하는 기간 내에 서면등으로 해당 계약의 해지를 요구할 수 있다. 이 경우 금융상품
판매업자등은 해지를 요구받은 날부터 10일 이내에 금융소비자에게 수락여부를 통지하여야 하며,
거절할 때에는 거절사유를 함께 통지하여야 한다.
② 금융소비자는 금융상품판매업자등이 정당한 사유 없이 제1항의 요구를 따르지 않는 경우 해당 계
약을 해지할 수 있다.
③ 제1항 및 제2항에 따라 계약이 해지된 경우 금융상품판매업자등은 수수료, 위약금 등 계약의 해지
와 관련된 비용을 요구할 수 없다.
④ 제1항부터 제3항까지의 규정에 따른 계약의 해지요구권의 행사요건, 행사범위 및 정당한 사유 등
과 관련하여 필요한 사항은 대통령령으로 정한다.

[Page 55]
[법규5] 금융소비자보호에 관한 법률 시행령"
68,427,제38조(위법계약의 해지),제38조,,"긍정:보장,계속; 부정:해지",,해지,제38조(위법계약의 해지) // ③ 금융소비자는 법 제47조제1항 전단에 따라 계약의 해지를 요구하려는 경우 금융위원회가 정하여 // 고시하는 해지요구서에 위반사항을 증명하는 서류를 첨부하여 금융상품직접판매업자 또는 금융상,"제38조,제2항,제47조,제1항",1558,1568,,제38조(위법계약의 해지) ① 법 제47조제1항 전단에서 “대통령령으로 정하는 금융상품”이란 금융소비자와 금,"제38조(위법계약의 해지)
① 법 제47조제1항 전단에서 “대통령령으로 정하는 금융상품”이란 금융소비자와 금융상품직접판매업
자 또는 금융상품자문업자 간 계속적 거래가 이루어지는 금융상품 중 금융위원회가 정하여 고시하
는 금융상품을 말한다.
② 법 제47조제1항 전단에서 “대통령령으로 정하는 기간”이란 금융소비자가 계약 체결에 대한 위반사
항을 안 날부터 1년 이내의 기간을 말한다. 이 경우 해당 기간은 계약체결일부터 5년 이내의 범위
에 있어야 한다.
③ 금융소비자는 법 제47조제1항 전단에 따라 계약의 해지를 요구하려는 경우 금융위원회가 정하여
고시하는 해지요구서에 위반사항을 증명하는 서류를 첨부하여 금융상품직접판매업자 또는 금융상
품자문업자에게 제출해야 한다. 이 경우 「자동차손해배상 보장법」에 따른 책임보험에 대해 해지
요구를 할 때에는 동종의 다른 책임보험에 가입해 있어야 한다.
④ 법 제47조제2항에 따른 정당한 사유의 범위는 다음 각 호와 같다."
69,439,바. 다음의 구분에 따른 사항,,사항,"긍정:보장,지급,환급,변경; 부정:해지",,해지,4) 65세 이상을 보장하는 실손의료보험 및 이에 준하는 공제: 65세 시점의 예상보험료 및 // 5) 해약환급금(금융소비자가 계약의 해지를 요구하여 계약이 해지된 경우에 금융상품판매 // 업자가 금융소비자에게 환급해주는 금액을 말한다,,1600,1609,,바. 다음의 구분에 따른 사항 1)~3) (생략) 4) 65세 이상을 보장하는 실손의료보험 및 이에 준하는 ,"바. 다음의 구분에 따른 사항
1)~3) (생략)
4) 65세 이상을 보장하는 실손의료보험 및 이에 준하는 공제: 65세 시점의 예상보험료 및
보험료의 지속납입에 관한 사항
5) 해약환급금(금융소비자가 계약의 해지를 요구하여 계약이 해지된 경우에 금융상품판매
업자가 금융소비자에게 환급해주는 금액을 말한다. 이하 같다)이 지급되지 않는 보장성
상품: 위험보장 내용이 동일하지만 해약환급금이 지급될 수 있는 다른 보장성 상품
6) 일반금융소비자에 배당이 지급되는 보장성 상품: 배당에 관한 사항
7) 계약 종료 이후 금융소비자가 청약에 필요한 사항을 금융상품직접판매업자에 알리지 않
고 해당 금융상품에 관한 계약을 다시 체결할 수 있는 보장성 상품: 가입조건 및 보장내
용 등의 변경에 관한 사항"
70,454,제16조(개인정보의 수집 제한),제16조,,부정:제한,,,제16조(개인정보의 수집 제한) // ① 개인정보처리자는 제15조제1항 각 호의 어느 하나에 해당하여 개인정보를 수집하는 경우에는 그 // 목적에 필요한 최소한의 개인정보를 수집하여야 한다,"제16조,제15조,제1항",1641,1650,59,제16조(개인정보의 수집 제한) ① 개인정보처리자는 제15조제1항 각 호의 어느 하나에 해당하여 개인정보를 ,"제16조(개인정보의 수집 제한)
① 개인정보처리자는 제15조제1항 각 호의 어느 하나에 해당하여 개인정보를 수집하는 경우에는 그
목적에 필요한 최소한의 개인정보를 수집하여야 한다. 이 경우 최소한의 개인정보 수집이라는 입
증책임은 개인정보처리자가 부담한다.
② 개인정보처리자는 정보주체의 동의를 받아 개인정보를 수집하는 경우 필요한 최소한의 정보 외의
개인정보 수집에는 동의하지 아니할 수 있다는 사실을 구체적으로 알리고 개인정보를 수집하여야
한다. <신설 2013. 8. 6.>
③ 개인정보처리자는 정보주체가 필요한 최소한의 정보 외의 개인정보 수집에 동의하지 아니한다는
이유로 정보주체에게 재화 또는 서비스의 제공을 거부하여서는 아니 된다. <개정 2013. 8. 6.>

[Page 59]"
71,480,5. 동의를 거부할 권리가 있다는 사실 및 동의 거부에 따른 불이익이 있는 경우에는 그 불이익의,,,부정:제한,,," 동의를 거부할 권리가 있다는 사실 및 동의 거부에 따른 불이익이 있는 경우에는 그 불이익의 // ④ 공공기관은 제2항제2호부터 제6호까지, 제8호부터 제10호까지에 따라 개인정보를 목적 외의 용도 // 로 이용하거나 이를 제3자에게 제공하는 경우에는 그 이용 또는 제공의 법적 근거, 목적 및 범위",제2항,1698,1707,,5. 동의를 거부할 권리가 있다는 사실 및 동의 거부에 따른 불이익이 있는 경우에는 그 불이익의 내용 ④ 공,"5. 동의를 거부할 권리가 있다는 사실 및 동의 거부에 따른 불이익이 있는 경우에는 그 불이익의
내용
④ 공공기관은 제2항제2호부터 제6호까지, 제8호부터 제10호까지에 따라 개인정보를 목적 외의 용도
로 이용하거나 이를 제3자에게 제공하는 경우에는 그 이용 또는 제공의 법적 근거, 목적 및 범위
등에 관하여 필요한 사항을 보호위원회가 고시로 정하는 바에 따라 관보 또는 인터넷 홈페이지 등
에 게재하여야 한다. <개정 2013. 3. 23., 2014. 11. 19., 2017. 7. 26., 2020. 2. 4., 2023. 3. 14.>
⑤ 개인정보처리자는 제2항 각 호의 어느 하나의 경우에 해당하여 개인정보를 목적 외의 용도로 제3자
에게 제공하는 경우에는 개인정보를 제공받는 자에게 이용 목적, 이용 방법, 그 밖에 필요한 사항에
대하여 제한을 하거나, 개인정보의 안전성 확보를 위하여 필요한 조치를 마련하도록 요청하여야 한다.
이 경우 요청을 받은 자는 개인정보의 안전성 확보를 위하여 필요한 조치를 하여야 한다.
[제목개정 2013. 8. 6.]"
72,490,5. 그 밖에 대통령령으로 정하는 방식,,,긍정:유지; 부정:제외,회사,,동의한 목적 또는 이용 범위에서 개인신용정보의 정확성ㆍ최신성을 유지하기 위한 경우는 제외한,제1항,1731,1736,,"5. 그 밖에 대통령령으로 정하는 방식 ② 개인신용평가회사, 개인사업자신용평가회사, 기업신용조회회사 또는 신","5. 그 밖에 대통령령으로 정하는 방식
② 개인신용평가회사, 개인사업자신용평가회사, 기업신용조회회사 또는 신용정보집중기관으로부터 개
인신용정보를 제공받으려는 자는 대통령령으로 정하는 바에 따라 해당 신용정보주체로부터 제1항
각 호의 어느 하나에 해당하는 방식으로 개인신용정보를 제공받을 때마다 개별적으로 동의(기존에
동의한 목적 또는 이용 범위에서 개인신용정보의 정확성ㆍ최신성을 유지하기 위한 경우는 제외한
다)를 받아야 한다. 이 경우 개인신용정보를 제공받으려는 자는 개인신용정보의 조회 시 개인신용
평점이 하락할 수 있는 때에는 해당 신용정보주체에게 이를 고지하여야 한다. <개정 2015. 3. 11.,"
73,491,2020. 2. 4.>,,,,회사,,하는 바에 따라 서비스 제공을 위하여 필수적 동의사항과 그 밖의 선택적 동의사항을 구분하여 설 //  이 경우 필수적 동의사항은 서비스 제공과의 관련성을 설명하여,"제5항,제1항,제2항",1738,1750,,"2020. 2. 4.> ③ 개인신용평가회사, 개인사업자신용평가회사, 기업신용조회회사 또는 신용정보집중기관이 ","2020. 2. 4.>
③ 개인신용평가회사, 개인사업자신용평가회사, 기업신용조회회사 또는 신용정보집중기관이 개인신용
정보를 제2항에 따라 제공하는 경우에는 해당 개인신용정보를 제공받으려는 자가 제2항에 따른 동
의를 받았는지를 대통령령으로 정하는 바에 따라 확인하여야 한다. <개정 2020. 2. 4.>
④ 신용정보회사등은 개인신용정보의 제공 및 활용과 관련하여 동의를 받을 때에는 대통령령으로 정
하는 바에 따라 서비스 제공을 위하여 필수적 동의사항과 그 밖의 선택적 동의사항을 구분하여 설
명한 후 각각 동의를 받아야 한다. 이 경우 필수적 동의사항은 서비스 제공과의 관련성을 설명하여
야 하며, 선택적 동의사항은 정보제공에 동의하지 아니할 수 있다는 사실을 고지하여야 한다. <신
설 2015. 3. 11.>
⑤ 신용정보회사등은 신용정보주체가 선택적 동의사항에 동의하지 아니한다는 이유로 신용정보주체에
게 서비스의 제공을 거부하여서는 아니 된다. <신설 2015. 3. 11.>
⑥ 신용정보회사등(제9호의3을 적용하는 경우에는 데이터전문기관을 포함한다)이 개인신용정보를 제
공하는 경우로서 다음 각 호의 어느 하나에 해당하는 경우에는 제1항부터 제5항까지를 적용하지
아니한다. <개정 2015. 3. 11., 2020. 2. 4.>"
74,497,6. 범죄 때문에 피해자의 생명이나 신체에 심각한 위험 발생이 예상되는 등 긴급한 상황에서 제5호,,제5호,긍정:청구,,청구," 이 경우 개인신용정보를 제공받은 검사는 지체 없이 법관에게 영장을 청구 // 하여야 하고, 사법경찰관은 검사에게 신청하여 검사의 청구로 영장을 청구하여야 하며, 개인신",,1762,1766,,6. 범죄 때문에 피해자의 생명이나 신체에 심각한 위험 발생이 예상되는 등 긴급한 상황에서 제5호 에 따른 ,"6. 범죄 때문에 피해자의 생명이나 신체에 심각한 위험 발생이 예상되는 등 긴급한 상황에서 제5호
에 따른 법관의 영장을 발부받을 시간적 여유가 없는 경우로서 검사 또는 사법경찰관의 요구에
따라 제공하는 경우. 이 경우 개인신용정보를 제공받은 검사는 지체 없이 법관에게 영장을 청구
하여야 하고, 사법경찰관은 검사에게 신청하여 검사의 청구로 영장을 청구하여야 하며, 개인신
용정보를 제공받은 때부터 36시간 이내에 영장을 발부받지 못하면 지체 없이 제공받은 개인신
용정보를 폐기하여야 한다."
75,500,"9. 제2조제1호의4나목 및 다목의 정보를 개인신용평가회사, 개인사업자신용평가회사, 기업신용등",제2조,제2조제1호,,회사,," 제2조제1호의4나목 및 다목의 정보를 개인신용평가회사, 개인사업자신용평가회사, 기업신용등 // 급제공업무ㆍ기술신용평가업무를 하는 기업신용조회회사 및 신용정보집중기관에 제공하거나 그 // 로부터 제공받는 경우","제2조,제1항,제17조",1772,1779,,"9. 제2조제1호의4나목 및 다목의 정보를 개인신용평가회사, 개인사업자신용평가회사, 기업신용등 급제공업무ㆍ기","9. 제2조제1호의4나목 및 다목의 정보를 개인신용평가회사, 개인사업자신용평가회사, 기업신용등
급제공업무ㆍ기술신용평가업무를 하는 기업신용조회회사 및 신용정보집중기관에 제공하거나 그
로부터 제공받는 경우
9의2. 통계작성, 연구, 공익적 기록보존 등을 위하여 가명정보를 제공하는 경우. 이 경우 통계작성
에는 시장조사 등 상업적 목적의 통계작성을 포함하며, 연구에는 산업적 연구를 포함한다.
9의3. 제17조의2제1항에 따른 정보집합물의 결합 목적으로 데이터전문기관에 개인신용정보를 제
공하는 경우
9의4. 다음 각 목의 요소를 고려하여 당초 수집한 목적과 상충되지 아니하는 목적으로 개인신용정
보를 제공하는 경우"
76,507,"다. 다만, 대통령령으로 정하는 불가피한 사유가 있는 경우에는 인터넷 홈페이지 게재 또는 그 밖",,,,,," 다만, 대통령령으로 정하는 불가피한 사유가 있는 경우에는 인터넷 홈페이지 게재 또는 그 밖 // 에 유사한 방법을 통하여 사후에 알리거나 공시할 수 있다 // ⑧ 제6항제3호에 따라 개인신용정보를 타인에게 제공하는 신용정보제공ㆍ이용자로서 대통령령으로 정","제6항,제8항",1790,1797,63,"다. 다만, 대통령령으로 정하는 불가피한 사유가 있는 경우에는 인터넷 홈페이지 게재 또는 그 밖 에 유사한 ","다. 다만, 대통령령으로 정하는 불가피한 사유가 있는 경우에는 인터넷 홈페이지 게재 또는 그 밖
에 유사한 방법을 통하여 사후에 알리거나 공시할 수 있다. <개정 2011. 5. 19., 2015. 3. 11.>
⑧ 제6항제3호에 따라 개인신용정보를 타인에게 제공하는 신용정보제공ㆍ이용자로서 대통령령으로 정
하는 자는 제공하는 신용정보의 범위 등 대통령령으로 정하는 사항에 관하여 금융위원회의 승인을
받아야 한다. <개정 2015. 3. 11.>

[Page 63]
⑨ 제8항에 따른 승인을 받아 개인신용정보를 제공받은 자는 해당 개인신용정보를 금융위원회가 정하
는 바에 따라 현재 거래 중인 신용정보주체의 개인신용정보와 분리하여 관리하여야 한다. <신설"
77,517,"2. 개인신용정보를 제공한 경우: 제공 주체, 제공받은 자, 제공 목적, 제공한 날짜, 제공한 신용정보",,,,회사,," 개인신용정보를 제공한 경우: 제공 주체, 제공받은 자, 제공 목적, 제공한 날짜, 제공한 신용정보 // 의 내용, 그 밖에 대통령령으로 정하는 사항 // ② 신용정보회사등은 제1항에 따라 조회를 한 신용정보주체의 요청이 있는 경우 개인신용정보를 이용","제1항,제2항",1825,1832,64,"2. 개인신용정보를 제공한 경우: 제공 주체, 제공받은 자, 제공 목적, 제공한 날짜, 제공한 신용정보 의 ","2. 개인신용정보를 제공한 경우: 제공 주체, 제공받은 자, 제공 목적, 제공한 날짜, 제공한 신용정보
의 내용, 그 밖에 대통령령으로 정하는 사항
② 신용정보회사등은 제1항에 따라 조회를 한 신용정보주체의 요청이 있는 경우 개인신용정보를 이용
하거나 제공하는 때에 제1항 각 호의 구분에 따른 사항을 대통령령으로 정하는 바에 따라 신용정
보주체에게 통지하여야 한다.
③ 신용정보회사등은 신용정보주체에게 제2항에 따른 통지를 요청할 수 있음을 알려주어야 한다.
[전문개정 2015. 3. 11.]

[Page 64]"
78,518,제36조(상거래 거절 근거 신용정보의 고지 등),제36조,거절,"부정:제외,거절,중지",회사,,제36조(상거래 거절 근거 신용정보의 고지 등) // 회업무만 하는 기업신용조회회사는 제외한다) 및 신용정보집중기관으로부터 제공받은 개인신용정 // 보로서 대통령령으로 정하는 정보에 근거하여 상대방과의 상거래관계 설정을 거절하거나 중지한,"제36조,제38조,제1항,제2항",1834,1843,,"제36조(상거래 거절 근거 신용정보의 고지 등) ① 신용정보제공ㆍ이용자가 개인신용평가회사, 개인사업자신용평가","제36조(상거래 거절 근거 신용정보의 고지 등)
① 신용정보제공ㆍ이용자가 개인신용평가회사, 개인사업자신용평가회사, 기업신용조회회사(기업정보조
회업무만 하는 기업신용조회회사는 제외한다) 및 신용정보집중기관으로부터 제공받은 개인신용정
보로서 대통령령으로 정하는 정보에 근거하여 상대방과의 상거래관계 설정을 거절하거나 중지한
경우에는 해당 신용정보주체의 요구가 있으면 그 거절 또는 중지의 근거가 된 정보 등 대통령령으
로 정하는 사항을 본인에게 고지하여야 한다. <개정 2020. 2. 4.>
② 신용정보주체는 제1항에 따라 고지받은 본인정보의 내용에 이의가 있으면 제1항에 따른 고지를 받
은 날부터 60일 이내에 해당 신용정보를 수집ㆍ제공한 개인신용평가회사, 개인사업자신용평가회사,
기업신용조회회사(기업정보조회업무만 하는 기업신용조회회사는 제외한다) 및 신용정보집중기관에
게 그 신용정보의 정확성을 확인하도록 요청할 수 있다. <개정 2020. 2. 4.>
③ 제2항에 따른 확인절차 등에 관하여는 제38조를 준용한다."
79,519,제37조(개인신용정보 제공 동의 철회권 등),제37조,,,회사,철회,"제37조(개인신용정보 제공 동의 철회권 등) // ① 개인인 신용정보주체는 제32조제1항 각 호의 방식으로 동의를 받은 신용정보제공ㆍ이용자에게 개 // 인신용평가회사, 개인사업자신용평가회사 또는 신용정보집중기관에 제공하여 개인의 신용도 등을","제33조,제37조,제1항,제32조",1845,1851,,제37조(개인신용정보 제공 동의 철회권 등) ① 개인인 신용정보주체는 제32조제1항 각 호의 방식으로 동의를,"제37조(개인신용정보 제공 동의 철회권 등)
① 개인인 신용정보주체는 제32조제1항 각 호의 방식으로 동의를 받은 신용정보제공ㆍ이용자에게 개
인신용평가회사, 개인사업자신용평가회사 또는 신용정보집중기관에 제공하여 개인의 신용도 등을
평가하기 위한 목적 외의 목적으로 행한 개인신용정보 제공 동의를 대통령령으로 정하는 바에 따
라 철회할 수 있다. 다만, 동의를 받은 신용정보제공ㆍ이용자 외의 신용정보제공ㆍ이용자에게 해당
개인신용정보를 제공하지 아니하면 해당 신용정보주체와 약정한 용역의 제공을 하지 못하게 되는
등 계약 이행이 어려워지거나 제33조제1항제1호에 따른 목적을 달성할 수 없는 경우에는 고객이
동의를 철회하려면 그 용역의 제공을 받지 아니할 의사를 명확하게 밝혀야 한다. <개정 2020. 2."
80,520,4.>,,,긍정:청구; 부정:중지,,청구,용역을 소개하거나 구매를 권유할 목적으로 본인에게 연락하는 것을 중지하도록 청구할 수 있다 // ⑤ 신용정보제공ㆍ이용자는 제2항에 따른 청구에 따라 발생하는 전화요금 등 금전적 비용을 개인인,"제1항,제2항,제3항",1853,1862,,4.> ② 개인인 신용정보주체는 대통령령으로 정하는 바에 따라 신용정보제공ㆍ이용자에 대하여 상품이나 용역을 ,"4.>
② 개인인 신용정보주체는 대통령령으로 정하는 바에 따라 신용정보제공ㆍ이용자에 대하여 상품이나
용역을 소개하거나 구매를 권유할 목적으로 본인에게 연락하는 것을 중지하도록 청구할 수 있다.
③ 신용정보제공ㆍ이용자는 서면, 전자문서 또는 구두에 의한 방법으로 제1항 및 제2항에 따른 권리
의 내용, 행사방법 등을 거래 상대방인 개인에게 고지하고, 거래 상대방이 제1항 및 제2항의 요구
를 하면 즉시 이에 따라야 한다. 이 때 구두에 의한 방법으로 이를 고지한 경우 대통령령으로 정하
는 바에 따른 추가적인 사후 고지절차를 거쳐야 한다.
④ 신용정보제공ㆍ이용자는 대통령령으로 정하는 바에 따라 제3항에 따른 의무를 이행하기 위한 절차
를 갖추어야 한다.
⑤ 신용정보제공ㆍ이용자는 제2항에 따른 청구에 따라 발생하는 전화요금 등 금전적 비용을 개인인
신용정보주체가 부담하지 아니하도록 대통령령으로 정하는 바에 따라 필요한 조치를 하여야 한다."
81,521,제38조(신용정보의 열람 및 정정청구 등),제38조,,긍정:청구,회사,청구,제38조(신용정보의 열람 및 정정청구 등) // 용정보주체 본인에 관한 신용정보로서 대통령령으로 정하는 신용정보의 교부 또는 열람을 청구할 // 금융위원회가 정하여 고시하는 바에 따라 정정을 청구할 수 있다,"제3항,제5항,제24조,제1항,제6항,제4항,제2항,제45조,제38조",1864,1888,65,제38조(신용정보의 열람 및 정정청구 등) ① 신용정보주체는 신용정보회사등에 본인의 신분을 나타내는 증표를 ,"제38조(신용정보의 열람 및 정정청구 등)
① 신용정보주체는 신용정보회사등에 본인의 신분을 나타내는 증표를 내보이거나 전화, 인터넷 홈페이
지의 이용 등 대통령령으로 정하는 방법으로 본인임을 확인받아 신용정보회사등이 가지고 있는 신
용정보주체 본인에 관한 신용정보로서 대통령령으로 정하는 신용정보의 교부 또는 열람을 청구할
수 있다. <개정 2020. 2. 4.>
② 제1항에 따라 자신의 신용정보를 열람한 신용정보주체는 본인 신용정보가 사실과 다른 경우에는
금융위원회가 정하여 고시하는 바에 따라 정정을 청구할 수 있다. <신설 2020. 2. 4.>

[Page 65]
③ 제2항에 따라 정정청구를 받은 신용정보회사등은 정정청구에 정당한 사유가 있다고 인정하면 지체
없이 해당 신용정보의 제공ㆍ이용을 중단한 후 사실인지를 조사하여 사실과 다르거나 확인할 수
없는 신용정보는 삭제하거나 정정하여야 한다. <개정 2020. 2. 4.>
④ 제3항에 따라 신용정보를 삭제하거나 정정한 신용정보회사등은 해당 신용정보를 최근 6개월 이내
에 제공받은 자와 해당 신용정보주체가 요구하는 자에게 해당 신용정보에서 삭제하거나 정정한 내
용을 알려야 한다. <개정 2020. 2. 4.>
⑤ 신용정보회사등은 제3항 및 제4항에 따른 처리결과를 7일 이내에 해당 신용정보주체에게 알려야
하며, 해당 신용정보주체는 처리결과에 이의가 있으면 대통령령으로 정하는 바에 따라 금융위원회
에 그 시정을 요청할 수 있다. 다만, 개인신용정보에 대한 제45조의3제1항에 따른 상거래기업 및
법인의 처리에 대하여 이의가 있으면 대통령령으로 정하는 바에 따라 「개인정보 보호법」에 따른
개인정보 보호위원회(이하 “보호위원회”라 한다)에 그 시정을 요청할 수 있다. <개정 2020. 2. 4.>
⑥ 금융위원회 또는 보호위원회는 제5항에 따른 시정을 요청받으면 「금융위원회의 설치 등에 관한
법률」 제24조에 따라 설립된 금융감독원의 원장(이하 “금융감독원장”이라 한다) 또는 보호위원회
가 지정한 자로 하여금 그 사실 여부를 조사하게 하고, 조사결과에 따라 신용정보회사등에 대하여
시정을 명하거나 그 밖에 필요한 조치를 할 수 있다. 다만, 필요한 경우 보호위원회는 해당 업무를
직접 수행할 수 있다. <개정 2020. 2. 4.>
⑦ 제6항에 따라 조사를 하는 자는 그 권한을 표시하는 증표를 지니고 이를 관계인에게 내보여야 한"
